client_id,client_type,first_name,last_name,date_of_birth,gender,country,region,acquisition_purpose,satisfaction_score,loan_applied,referral_channel,Age,Cluster
C0001,1,Kareem,Liu,1968-05-11,0,9,8,0,4,1,2,58,1
C0002,1,Trystan,Oconnor,1962-11-26,1,9,8,0,1,0,2,64,1
C0003,1,Kale,Gay,1959-04-07,1,9,8,0,4,1,0,67,1
C0004,1,Russell,Gross,1959-11-25,1,9,8,0,5,0,2,67,1
C0005,0,Marleez,Co,1976-02-28,1,9,8,1,5,0,2,50,0
C0006,1,Yurem,Wright,1957-03-06,1,9,8,0,3,1,2,69,1
C0007,1,Xavier,Faulkner,1947-05-24,1,2,40,1,5,0,2,79,2
C0008,1,Kayden,Olsen,1969-10-17,0,9,8,0,5,0,2,57,1
C0009,1,Joaquin,Mullins,1975-10-05,1,9,8,1,5,0,0,51,0
C0010,1,Nicolas,Navarro,1966-06-17,1,9,37,1,3,0,0,60,0
C0011,1,Laci,Guerra,1956-06-17,0,9,8,0,2,1,2,70,1
C0012,0,Kylax,Co,1975-04-25,1,9,8,1,5,0,2,51,0
C0013,1,Harley,Lucero,1962-08-10,1,9,8,0,1,1,2,64,1
C0014,0,Esther,Co,1980-07-10,1,9,8,0,3,1,2,46,0
C0015,1,Jaylynn,Hickman,1941-08-19,0,9,8,0,5,0,1,85,1
C0016,1,Olivia,Oconnell,1939-09-03,0,9,8,1,5,0,2,87,0
C0017,1,Antonio,Porter,1977-01-08,1,9,1,0,3,0,1,49,1
C0018,1,Luke,Lynn,1967-02-07,1,9,8,0,2,1,0,59,1
C0019,1,Anahi,Curry,1957-09-09,1,9,8,0,5,1,1,69,1
C0020,1,Camille,Sharp,1967-10-17,0,9,8,0,5,0,2,59,1
C0021,1,Jesus,Obrien,1938-06-09,1,9,37,1,3,0,2,88,0
C0022,1,Araceli,Nelson,1966-09-14,1,5,4,1,5,0,0,60,0
C0023,1,Cole,Taylor,1958-12-06,1,9,8,0,3,1,2,68,1
C0024,1,Alonso,Terrell,1963-11-05,1,9,8,1,4,0,2,63,0
C0025,1,Rodolfo,Gibson,1937-01-20,1,9,25,0,2,1,2,89,1
C0026,1,Joseph,Reeves,1962-09-23,1,9,8,1,5,0,2,64,0
C0027,1,Grant,Weber,1968-09-08,1,9,8,0,5,1,2,58,1
C0028,1,Ava,Phelps,1958-04-15,0,9,8,0,3,0,1,68,1
C0029,1,Kyla,Walker,1976-02-26,0,9,11,0,4,1,0,50,1
C0030,1,Alanna,Hess,1952-06-19,0,9,25,0,3,0,2,74,1
C0031,1,Skylar,Buchanan,1977-12-25,1,9,25,0,4,1,2,49,1
C0032,1,Rodrigo,Robinson,1966-08-11,1,9,8,0,4,0,2,60,1
C0033,1,Lydia,Tate,1968-08-14,0,9,8,0,3,1,2,58,1
C0034,1,Lauryn,Patrick,1969-10-30,0,1,7,0,2,0,0,57,2
C0035,1,Diego,Mendez,1965-05-12,1,6,23,0,3,0,0,61,1
C0036,1,Victor,Jensen,1973-09-01,1,9,8,0,4,0,2,53,1
C0037,1,Scarlet,Hendricks,1962-01-20,0,9,8,0,5,1,2,64,1
C0038,1,Janelle,Espinoza,1974-12-25,0,9,8,1,4,0,1,52,0
C0039,1,Aleksandra,Karenina,1967-06-13,0,7,21,0,1,0,0,59,1
C0040,1,Conner,Huff,1975-03-22,1,9,25,0,5,0,2,51,1
C0041,1,Zain,Horne,1967-04-13,1,9,1,0,1,1,2,59,1
C0042,1,Maia,Chandler,1975-08-12,0,9,48,0,1,1,2,51,1
C0043,1,Jordyn,Park,1965-04-04,1,9,25,1,3,1,2,61,0
C0044,1,Diana,Hunt,1931-02-13,0,9,1,0,3,0,2,95,1
C0045,1,Kevin,Mata,1968-10-12,1,9,11,1,2,0,0,58,0
C0046,1,Brisa,Mckee,1964-09-24,0,9,8,0,5,0,1,62,1
C0047,1,Mason,Gilbert,1970-07-31,1,9,11,0,2,0,0,56,1
C0048,1,Derick,Li,1957-03-20,1,9,8,0,3,1,0,69,1
C0049,1,Jace,Riggs,1971-08-20,0,9,8,0,1,0,2,55,1
C0050,1,Jair,Johns,1940-03-05,1,9,8,0,5,0,2,86,1
C0051,1,Matilda,Madden,1941-03-03,0,9,11,0,3,0,0,85,1
C0052,1,Myla,Ewing,1967-02-03,0,9,37,1,2,0,1,59,0
C0053,1,Miguel,Walter,1954-01-07,1,9,1,0,4,0,0,72,1
C0054,0,Bridger CAL,Co,1967-02-15,1,9,25,1,5,0,2,59,0
C0055,1,Mara,Franco,1973-06-07,0,9,8,0,5,1,0,53,1
C0056,1,Erik,Mora,1964-12-07,1,9,37,1,5,0,0,62,0
C0057,1,Henry,Kennedy,1933-06-08,1,9,8,0,4,1,0,93,1
C0058,0,Kenyon,Co,1969-05-03,0,9,8,1,1,1,2,57,0
C0059,1,Oswaldo,Palmer,1960-06-16,1,9,8,0,2,0,2,66,1
C0060,1,Kassidy,Vega,1972-05-07,0,9,8,0,5,0,2,54,1
C0061,1,Morgan,Glass,1967-05-12,1,9,48,0,5,0,0,59,1
C0062,1,Tyler,Carr,1974-03-27,1,9,8,0,5,1,1,52,1
C0063,1,Yesenia,Marquez,1942-07-23,0,9,1,0,4,0,2,84,1
C0064,1,Gordon,Brown,1974-02-10,1,8,31,1,4,0,0,52,0
C0065,1,Rodrigo,Ramirez,1972-03-26,1,9,8,0,1,0,0,54,1
C0066,1,Melanie,Holland,1974-12-25,0,9,8,1,3,0,1,52,0
C0067,1,Enrique,Cardenas,1977-06-10,1,9,8,0,2,0,2,49,1
C0068,1,Helen,Williamson,1966-02-26,0,9,11,0,5,1,0,60,1
C0069,1,Isis,Rios,1970-04-01,1,9,8,1,4,0,2,56,0
C0070,1,Kayley,Nielsen,1947-04-27,0,9,1,0,4,1,2,79,1
C0071,1,Donavan,Flowers,1985-12-27,1,9,8,0,1,1,1,41,1
C0072,1,Augustus,Hinton,1953-02-03,1,9,25,1,2,0,2,73,0
C0073,1,Alejandra,Greer,1965-01-11,0,3,9,1,1,0,0,61,2
C0074,1,Violet,Nixon,1959-01-01,0,9,37,1,5,0,1,67,0
C0075,1,Jaelyn,Berger,1970-05-05,0,9,8,0,3,0,2,56,1
C0076,1,Tristian,Fuller,1956-03-13,1,9,8,0,5,0,0,70,1
C0077,1,Christian,Costa,1980-09-14,1,9,8,0,5,0,2,46,1
C0078,1,Nora,Lynch,1948-04-23,0,9,8,0,5,0,2,78,1
C0079,1,Dangelo,Shea,1954-02-27,1,1,7,1,4,0,2,72,2
C0080,1,Aiyana,Christensen,1949-01-16,0,9,8,1,3,0,2,77,0
C0081,1,Sidney,Cline,1943-07-24,0,9,8,0,4,1,2,83,1
C0082,1,Kaitlin,Owen,1981-12-26,0,9,50,1,5,0,1,45,0
C0083,1,Issac,Edwards,1938-10-29,1,9,8,0,5,0,2,88,1
C0084,1,Zaiden,Merritt,1948-02-23,1,9,55,0,3,0,0,78,1
C0085,1,Iris,Larsen,1966-09-14,1,9,8,0,4,1,0,60,1
C0086,1,Grace,Stein,1968-12-20,0,9,8,0,3,1,2,58,1
C0087,1,Alessandra,Perry,1979-05-15,0,9,8,0,4,0,0,47,1
C0088,1,Jamal,Mueller,1936-08-13,1,9,37,1,2,0,2,90,0
C0089,1,Irvin,Ellis,1949-11-14,1,9,8,0,3,0,0,77,1
C0090,1,Terry,Forbes,1982-05-27,1,9,8,0,5,0,1,44,1
C0091,1,Jacqueline,Grant,1959-11-13,0,9,8,0,4,0,2,67,1
C0092,1,Brock,Fischer,1971-05-29,1,9,20,0,3,0,2,55,1
C0093,1,Curtis,Howard,1962-09-11,1,9,8,0,2,0,0,64,1
C0094,1,Avah,Huang,1948-04-23,0,9,8,0,5,0,2,78,1
C0095,1,Frank,Meyer,1964-03-16,1,9,8,0,3,1,0,62,1
C0096,1,Darien,Dorsey,1985-12-27,1,9,8,1,3,1,2,41,0
C0097,1,Franklin,Mack,1943-06-18,1,9,50,0,5,1,2,83,1
C0098,1,Elena,Petrova,1949-06-22,0,7,42,0,3,1,0,77,1
C0099,1,Jack,Hanson,1941-12-01,1,9,8,1,4,0,2,85,0
C0100,1,Emmett,Estes,1969-06-05,1,9,8,0,3,0,2,57,1
C0101,1,Aniya,Miller,1951-03-02,0,9,25,0,3,0,2,75,1
C0102,1,Jack,Anderson,1947-02-13,1,9,8,1,5,1,2,79,0
C0103,1,Kael,Hurley,1973-12-15,1,9,11,0,3,0,2,53,1
C0104,1,Kamden,Stewart,1978-09-14,1,9,8,0,5,0,2,48,1
C0105,1,Aniyah,Ali,1959-11-03,0,9,8,1,2,1,2,67,0
C0106,1,Simon,Bennett,1953-06-09,1,9,11,0,4,0,2,73,1
C0107,1,Laurel,Benitez,1959-08-06,1,9,8,0,4,1,0,67,1
C0108,1,Trey,Strong,1958-12-20,1,9,8,0,4,0,0,68,1
C0109,1,Myah,Roman,1933-05-05,0,9,8,1,5,1,0,93,0
C0110,1,Nyla,Blake,1959-06-05,0,9,8,1,5,1,0,67,0
C0111,1,Kole,Shannon,1979-06-27,1,9,1,0,2,1,2,47,1
C0112,1,Melany,Glover,1960-10-01,0,9,8,1,1,1,0,66,0
C0113,1,Arthur,Bray,1949-07-14,1,9,48,1,4,0,0,77,0
C0114,1,Kamila,Collier,1962-01-21,0,9,8,0,1,1,2,64,1
C0115,1,Amanda,Simon,1978-12-03,0,9,8,0,5,0,0,48,1
C0116,1,Erika,Steward,1955-08-07,0,9,8,1,4,0,2,71,0
C0117,1,Jakobe,Bailey,1964-10-06,1,8,43,1,4,0,0,62,0
C0118,1,Sonia,Choi,1948-11-09,0,9,37,1,5,0,0,78,0
C0119,1,Erika,Gallagher,1942-07-19,0,9,8,0,1,1,2,84,1
C0120,1,Madeline,Michael,1953-07-30,0,9,8,0,4,1,2,73,1
C0121,1,Bennett,Chen,1950-07-18,1,9,25,0,2,0,2,76,1
C0122,1,Belinda,Hogan,1973-08-18,0,9,8,0,1,1,0,53,1
C0123,1,Johanna,Fisher,1962-08-25,0,9,8,0,4,1,2,64,1
C0124,1,Jaylen,Turner,1963-07-15,0,9,8,0,4,0,0,63,1
C0125,1,Michael,Juarez,1976-12-25,1,9,11,0,4,1,0,50,1
C0126,1,Adriana,Shaffer,1972-07-11,0,9,8,1,2,0,0,54,0
C0127,1,Julio,Leonard,1974-07-18,1,9,25,0,2,1,2,52,1
C0128,0,Abdiel,Co,1963-05-22,1,9,25,1,5,1,2,63,0
C0129,1,Warren,Pugh,1973-07-17,1,9,1,1,5,0,2,53,0
C0130,1,Luis,Crane,1959-04-20,1,9,25,0,3,1,2,67,1
C0131,1,Mohammad,Irwin,1971-12-02,1,9,8,0,1,0,2,55,1
C0132,1,Davion,Stout,1965-07-20,1,9,25,0,1,1,0,61,1
C0133,1,Logan,Simmons,1946-09-14,1,9,8,1,4,0,0,80,0
C0134,1,Kaylin,Villarreal,1932-06-13,0,7,32,1,3,0,2,94,0
C0135,1,Ruben,Melton,1939-03-05,1,9,48,1,2,0,0,87,0
C0136,1,Gianni,Fritz,1973-09-15,1,9,8,0,3,0,2,53,1
C0137,1,Emilie,Morrison,1957-10-29,0,9,8,0,3,1,2,69,1
C0138,1,Crystal,Wyatt,1939-06-30,0,9,37,1,3,1,2,87,0
C0139,1,Annabel,Robles,1969-10-14,0,9,8,0,5,1,2,57,1
C0140,1,Rachel,Cross,1952-06-18,0,9,8,0,3,0,2,74,1
C0141,1,Madalyn,Mercer,1986-06-21,0,9,8,0,5,0,2,40,1
C0142,1,Michelle,Cameron,1978-06-04,0,9,25,0,3,1,2,48,1
C0143,1,Ezra,Lozano,1958-02-24,1,9,8,0,1,0,2,68,1
C0144,1,Ramiro,Oneill,1954-09-29,1,9,8,0,4,0,0,72,1
C0145,1,Emely,Watts,1964-11-30,0,9,8,0,4,0,2,62,1
C0146,1,Hazel,Ayers,1963-02-01,1,9,11,0,2,0,2,63,1
C0147,1,Cedric,Goodwin,1948-02-20,1,9,48,0,4,0,1,78,1
C0148,1,Dayton,Hatfield,1969-04-19,1,9,11,1,4,1,0,57,0
C0149,1,Piotr,Aleksandrov,1955-12-02,1,7,21,1,3,0,0,71,0
C0150,1,Memphis,Mcconnell,1968-08-25,1,9,8,0,2,1,2,58,1
C0151,1,Arabella,Ferrell,1976-08-17,0,9,37,0,1,0,0,50,1
C0152,1,Sincere,Hansen,1967-01-19,0,9,8,1,2,1,0,59,0
C0153,1,Lara,Carrillo,1983-02-24,0,9,8,0,5,0,2,43,1
C0154,1,Valentina,Simpson,1965-01-24,0,9,8,0,4,1,0,61,1
C0155,0,Kamd,Co,1975-08-18,1,9,8,1,5,0,0,51,0
C0156,1,Case,Sanchez,1966-05-26,0,9,8,0,5,0,2,60,1
C0157,1,Van,Charles,1952-05-15,1,9,11,0,2,1,1,74,1
C0158,1,Emmy,Singh,1979-12-03,0,9,50,1,3,1,0,47,0
C0159,1,Colin,Campos,1942-04-14,1,9,8,0,3,0,2,84,1
C0160,1,Anya,Stephenson,1959-06-11,0,9,8,0,4,0,2,67,1
C0161,1,Parker,Poole,1951-11-10,1,9,8,0,5,0,2,75,1
C0162,1,Ivan,Bright,1953-09-15,1,9,8,0,4,0,2,73,1
C0163,1,Larry,Turner,1986-03-24,1,9,48,1,5,1,0,40,0
C0164,1,Matthew,Nelson,1986-09-20,1,9,1,0,5,0,2,40,1
C0165,1,Mary,Hall,1956-07-11,0,9,8,0,3,1,2,70,1
C0166,1,Carolyn,Weaver,1984-01-24,0,9,1,0,4,1,0,42,1
C0167,1,Grace,Green,1955-02-02,0,8,43,0,3,1,2,71,1
C0168,1,Pamela,Sanders,1960-06-06,0,9,25,0,3,0,0,66,1
C0169,1,Terry,Turner,1990-08-13,1,9,35,1,5,1,0,36,0
C0170,1,Jacob,Jones,1949-06-13,1,9,8,0,5,0,2,77,1
C0171,1,Julie,Sanders,1991-05-05,0,9,53,1,5,1,1,35,0
C0172,1,Catherine,Carter,1992-09-16,0,9,53,0,1,1,0,34,1
C0173,1,Amber,Wilson,1976-07-20,0,9,1,0,5,1,0,50,1
C0174,1,Rachel,Harris,1982-07-06,0,9,8,1,3,0,1,44,0
C0175,1,Brandon,Alexander,1962-04-05,1,9,53,0,5,0,0,64,1
C0176,1,Hannah,Williams,1993-06-27,0,9,8,0,2,0,2,33,1
C0177,1,Sarah,Hansen,1951-03-05,0,8,12,0,5,1,2,75,1
C0178,1,Laura,Chavez,1952-12-23,0,9,50,0,4,0,0,74,1
C0179,1,Ashley,Turner,1986-02-11,0,9,37,1,2,0,2,40,0
C0180,1,Jacob,Wilson,1943-01-28,1,9,8,0,2,1,0,83,1
C0181,1,Lawrence,Peterson,1970-04-26,1,9,47,0,2,1,2,56,1
C0182,1,Virginia,Bennett,1971-12-02,0,5,30,1,1,1,2,55,0
C0183,1,Nicholas,Green,1988-09-15,1,9,25,0,3,0,2,38,1
C0184,1,Peter,Pierce,1994-01-21,1,9,14,0,1,0,2,32,1
C0185,1,Andrea,Nelson,1945-07-02,0,9,25,0,4,1,0,81,1
C0186,1,Carol,Green,1982-04-02,0,9,50,0,1,0,2,44,1
C0187,1,Cheryl,Kim,1990-01-17,0,9,14,0,1,0,2,36,1
C0188,1,Jose,Martin,1940-10-08,1,9,37,0,5,1,2,86,1
C0189,1,Anna,Adams,1958-12-11,0,9,8,0,2,0,0,68,1
C0190,1,Karen,Johnson,1971-10-19,0,9,8,0,2,0,2,55,1
C0191,1,Sarah,Turner,1977-05-06,0,9,14,0,3,0,0,49,1
C0192,1,Margaret,Moore,1984-02-04,0,1,7,1,2,1,2,42,2
C0193,1,Sharon,Campbell,1968-08-09,0,9,8,1,4,1,2,58,0
C0194,1,Jonathan,Hall,1953-08-18,1,4,18,0,5,1,2,73,2
C0195,1,Sean,Jones,1947-06-19,1,9,8,0,2,1,2,79,1
C0196,1,Alexander,Adams,1957-04-22,1,9,25,1,5,0,0,69,0
C0197,1,Kevin,Wright,1944-07-01,1,9,50,0,4,0,1,82,1
C0198,1,Michelle,White,1976-01-28,0,9,8,0,4,0,2,50,1
C0199,1,Ryan,Brown,1958-04-13,1,9,8,0,3,0,0,68,1
C0200,1,Linda,Harris,1944-05-06,0,9,8,0,1,0,0,82,1
C0201,1,Lauren,Weaver,1968-02-13,0,9,8,0,1,0,0,58,1
C0202,1,Jack,Reyes,1996-11-11,1,2,5,0,1,0,2,30,2
C0203,1,Christine,Brooks,1956-05-18,0,9,8,0,4,0,1,70,1
C0204,1,Joyce,Pierce,1947-01-10,0,9,8,0,5,0,0,79,1
C0205,1,Kelly,Nelson,1968-08-26,0,6,39,0,1,1,0,58,1
C0206,1,Nancy,Roberts,1957-05-08,0,9,8,0,1,1,0,69,1
C0207,1,Kyle,Gray,1944-11-19,1,9,50,1,4,0,2,82,0
C0208,1,Mark,James,1986-03-26,1,4,38,0,4,1,0,40,2
C0209,1,Kyle,Moore,1949-08-22,1,9,1,1,3,0,0,77,0
C0210,1,Janice,Price,1943-03-24,0,9,11,0,2,0,2,83,1
C0211,1,Amy,Evans,1972-02-23,0,9,8,0,3,0,0,54,1
C0212,1,Jacob,Wood,1956-03-23,1,9,8,0,4,0,0,70,1
C0213,1,Jason,Gray,1976-10-23,1,9,14,1,5,0,0,50,0
C0214,1,Helen,Wood,1946-07-18,0,1,7,1,5,0,2,80,2
C0215,1,Lauren,Foster,1999-07-11,0,5,16,1,4,0,2,27,0
C0216,1,Albert,Hansen,1999-07-19,1,9,48,0,1,0,2,27,1
C0217,1,Deborah,Miller,1984-07-11,0,9,11,0,3,0,2,42,1
C0218,1,Shirley,Anderson,1970-01-24,0,9,8,0,2,0,2,56,1
C0219,1,William,Turner,1988-01-20,1,9,8,0,4,0,2,38,1
C0220,1,Walter,Phillips,1951-06-06,1,2,36,1,1,0,2,75,2
C0221,0,Atlas,Co,1987-05-14,0,9,8,0,5,0,2,39,0
C0222,1,Christopher,Stone,1956-11-08,1,9,48,1,3,0,0,70,0
C0223,1,Patrick,Hansen,1973-11-12,1,9,11,1,3,1,2,53,0
C0224,1,Nathan,Richardson,1960-08-23,1,9,11,0,5,0,2,66,1
C0225,1,Evelyn,Reyes,1948-12-19,0,9,8,0,1,1,0,78,1
C0226,1,Julia,Jordan,1958-07-11,0,9,11,0,2,0,2,68,1
C0227,1,Rachel,Evans,1944-10-23,0,9,1,0,5,1,2,82,1
C0228,1,Hannah,Owens,1952-04-23,0,9,37,1,4,0,2,74,0
C0229,1,Jose,Turner,1981-11-19,1,9,11,1,5,0,2,45,0
C0230,0,Forsyte,Co,1977-07-22,1,9,25,1,4,1,2,49,0
C0231,1,Ronald,Rogers,1993-12-18,1,3,10,1,2,1,2,33,2
C0232,1,Megan,Kim,1962-05-04,0,9,8,0,3,1,2,64,1
C0233,1,Larry,Garcia,1997-09-10,1,4,38,0,4,1,2,29,2
C0234,1,Andrea,Hughes,1979-03-02,0,9,27,0,1,1,2,47,1
C0235,1,Kenneth,Allen,1949-10-10,1,9,8,0,5,0,2,77,1
C0236,1,Gerald,Howard,1972-08-10,1,2,22,0,3,0,0,54,2
C0237,1,Jason,Nelson,1984-11-03,1,9,8,0,5,1,2,42,1
C0238,1,Amber,Patterson,1982-01-08,0,9,50,0,4,1,0,44,1
C0239,1,Megan,Baker,1973-02-18,0,9,37,0,3,1,2,53,1
C0240,1,Amber,Morales,1942-05-15,0,9,11,1,3,0,2,84,0
C0241,1,Kelly,Anderson,1962-01-14,0,6,33,0,5,1,2,64,1
C0242,1,Stephen,Peterson,1998-03-16,1,9,48,0,3,1,0,28,1
C0243,1,Nancy,Patterson,1978-07-11,0,9,48,0,2,0,2,48,1
C0244,1,Joyce,Pierce,1998-08-03,0,9,8,0,1,0,2,28,1
C0245,1,Sean,Long,1974-01-07,1,9,25,1,4,0,0,52,0
C0246,1,Stephen,Pierce,1992-05-15,1,4,28,0,1,1,0,34,2
C0247,1,Kevin,Morris,1965-01-18,1,9,8,0,1,0,2,61,1
C0248,1,Carl,Collins,1968-12-09,1,9,14,0,4,1,0,58,1
C0249,1,Stephanie,Montgomery,1968-12-05,0,9,8,1,4,0,0,58,0
C0250,1,Justin,Stewart,1947-10-19,1,8,12,0,2,0,0,79,1
C0251,1,Janice,Chavez,1976-08-11,0,9,48,0,5,0,2,50,1
C0252,1,Elizabeth,Rogers,1953-08-23,0,9,25,1,2,0,2,73,0
C0253,1,Betty,Hughes,1994-09-15,0,9,50,0,4,0,2,32,1
C0254,1,Rachel,Freeman,1956-07-21,0,9,14,0,5,0,2,70,1
C0255,1,Sara,Jones,1961-02-08,0,8,12,1,3,1,1,65,0
C0256,1,Anthony,Hughes,1990-12-10,1,9,8,0,1,1,2,36,1
C0257,1,Nicholas,Kim,1974-10-22,1,9,8,0,1,0,2,52,1
C0258,1,Carl,Murray,1991-04-15,1,8,31,0,4,1,0,35,1
C0259,1,Emma,Chavez,1990-02-15,0,9,37,0,4,0,2,36,1
C0260,1,Rebecca,Wood,1946-08-04,0,9,25,1,3,0,2,80,0
C0261,0,Celera,Co,1985-05-13,0,9,14,1,4,1,2,41,0
C0262,1,Billy,Bryant,1947-05-25,1,9,37,0,2,0,2,79,1
C0263,1,Anthony,Garcia,1981-08-02,1,9,25,1,2,1,2,45,0
C0264,1,Melissa,Baker,1992-09-12,0,9,11,0,2,1,0,34,1
C0265,0,Celera,Co,1967-04-13,1,1,13,0,1,0,2,59,2
C0266,1,Aaron,Owens,1977-02-26,1,9,8,0,5,1,0,49,1
C0267,1,Judy,Howard,1948-11-12,0,9,48,0,4,1,0,78,1
C0268,1,Danielle,Carter,1959-02-21,0,9,15,1,3,0,2,67,0
C0269,1,David,Stewart,1969-02-04,1,9,27,0,2,0,0,57,1
C0270,1,Megan,Allen,1944-07-21,0,9,14,0,5,0,2,82,1
C0271,1,Laura,Hughes,1972-04-28,0,9,8,1,3,0,0,54,0
C0272,1,Pamela,Green,1993-08-03,0,8,43,0,5,1,2,33,1
C0273,1,Paul,Morales,1987-02-27,1,3,56,1,2,0,2,39,2
C0274,1,Raymond,Young,1950-10-01,1,9,14,0,2,0,2,76,1
C0275,1,William,Thompson,2000-06-26,1,9,37,0,1,1,2,26,1
C0276,1,Gloria,Harris,1953-02-16,0,9,53,0,5,0,2,73,1
C0277,1,Jordan,Garcia,1954-11-17,1,9,11,1,1,1,0,72,0
C0278,1,Margaret,Foster,1955-08-03,0,9,8,1,2,1,2,71,0
C0279,1,Heather,Montgomery,1967-05-15,0,9,37,0,1,0,2,59,1
C0280,1,Nathan,Price,1944-04-14,1,9,14,0,4,0,1,82,1
C0281,1,Katherine,Phillips,1977-03-22,0,9,8,0,1,1,0,49,1
C0282,1,Emily,Owens,1997-10-18,0,9,8,1,1,0,2,29,0
C0283,1,Susan,Edwards,1962-05-12,0,9,1,0,2,1,0,64,1
C0284,1,Patrick,Owens,1977-02-25,1,9,1,0,4,0,1,49,1
C0285,1,Billy,Parker,1999-03-09,1,4,18,1,3,0,2,27,2
C0286,1,Noah,Brooks,1996-03-24,1,8,43,0,1,0,0,30,1
C0287,1,Joan,Bell,1990-06-10,0,0,26,0,5,0,2,36,2
C0288,1,Kevin,Freeman,1997-11-03,1,9,11,1,4,0,0,29,0
C0289,1,Laura,Hayes,1993-06-14,0,9,8,1,5,0,0,33,0
C0290,1,Ryan,Watson,1962-01-01,1,9,8,0,2,0,2,64,1
C0291,1,James,Bryant,1953-07-06,1,9,25,0,2,0,0,73,1
C0292,1,Karen,Watson,1945-12-02,0,9,8,0,1,0,0,81,1
C0293,1,Ruth,Collins,1993-07-01,0,9,8,1,4,0,2,33,0
C0294,1,Nicholas,Reyes,1963-07-17,1,9,25,0,3,1,2,63,1
C0295,1,Roger,Harris,1967-09-07,1,7,46,0,3,0,0,59,1
C0296,1,Mark,Young,1984-04-06,1,2,22,0,1,1,1,42,2
C0297,1,Julia,Murray,1972-11-19,0,8,51,1,5,0,0,54,0
C0298,1,Sarah,Patterson,1972-11-10,0,9,37,0,3,0,2,54,1
C0299,1,Barbara,Davis,1977-05-03,0,8,51,0,5,0,0,49,1
C0300,1,Zachary,Peterson,1959-04-11,1,2,0,0,5,1,2,67,2
C0301,1,Lisa,Alexander,1959-03-02,0,9,50,0,4,0,0,67,1
C0302,1,Maria,Edwards,1976-07-25,0,9,48,1,1,0,0,50,0
C0303,1,Betty,Owens,1957-07-10,0,9,50,1,5,1,2,69,0
C0304,1,Patrick,Morris,1959-12-22,1,9,8,1,1,0,0,67,0
C0305,1,Emily,Kim,1995-11-22,0,9,1,0,1,0,2,31,1
C0306,1,Samuel,Foster,1988-04-05,1,9,8,0,1,0,1,38,1
C0307,1,Samuel,Freeman,1992-10-13,1,9,8,0,5,1,1,34,1
C0308,1,Catherine,Roberts,1972-10-10,0,1,13,1,4,1,0,54,2
C0309,1,Stephanie,Cox,1957-10-15,0,9,53,0,4,0,0,69,1
C0310,1,Edward,Weaver,1992-05-02,1,8,31,0,3,0,2,34,1
C0311,1,Justin,Anderson,1952-03-09,1,9,15,0,2,0,2,74,1
C0312,1,Zachary,Cooper,1941-01-14,1,9,25,0,3,1,2,85,1
C0313,0,Stratos,Co,1974-04-12,1,9,8,0,1,0,0,52,0
C0314,1,Andrew,Jones,1982-08-23,1,9,53,1,4,0,0,44,0
C0315,1,Michael,Phillips,1987-03-18,1,6,2,1,5,0,2,39,0
C0316,1,Brandon,Martin,1997-04-14,1,8,43,1,4,1,2,29,0
C0317,1,Amber,Hansen,1999-11-17,0,9,8,1,2,1,2,27,0
C0318,1,Amy,Peterson,1974-03-22,0,5,4,0,5,0,2,52,2
C0319,0,Zynex,Co,1995-11-12,0,9,47,0,5,1,2,31,0
C0320,1,Tyler,Cox,1984-12-01,1,9,47,0,3,1,1,42,1
C0321,1,Jesse,Cook,1992-01-12,1,9,8,1,2,0,0,34,0
C0322,1,Deborah,Moore,1996-12-25,0,9,8,0,2,1,2,30,1
C0323,1,Samantha,Hayes,1975-09-16,0,9,8,1,2,1,2,51,0
C0324,1,Raymond,Parker,1993-06-14,1,9,53,0,4,0,2,33,1
C0325,1,Maria,Flores,1983-02-24,0,9,8,0,5,1,0,43,1
C0326,1,Daniel,Reed,1958-05-10,1,9,37,1,4,1,0,68,0
C0327,1,Elizabeth,Ward,1961-07-09,0,8,43,0,1,0,0,65,1
C0328,1,William,Young,1946-10-22,1,9,8,0,1,1,1,80,1
C0329,1,Diane,Morales,1998-10-05,0,5,17,0,3,0,0,28,2
C0330,1,Christian,Richardson,1975-06-21,1,9,8,0,1,0,2,51,1
C0331,1,Ann,Martin,1984-05-23,0,9,8,1,3,0,0,42,0
C0332,1,Christopher,Price,1989-12-15,1,9,47,1,3,0,2,37,0
C0333,1,Helen,Hall,1955-12-23,0,8,51,0,3,0,2,71,1
C0334,1,Andrew,Roberts,1950-08-01,1,9,1,1,3,0,0,76,0
C0335,1,Charles,Morris,1975-12-24,1,9,1,0,4,0,2,51,1
C0336,1,Karen,Price,1971-11-17,0,9,8,1,5,0,0,55,0
C0337,1,Nathan,Alexander,1942-01-27,1,9,1,0,3,1,2,84,1
C0338,1,Patrick,Flores,1943-05-28,1,9,8,0,5,1,2,83,1
C0339,1,Keith,King,1963-10-05,1,9,48,1,5,0,0,63,0
C0340,1,Daniel,Garcia,1940-11-25,1,9,8,1,2,0,0,86,0
C0341,1,Carl,Chavez,1982-11-10,1,9,8,1,4,0,0,44,0
C0342,1,Kevin,Hughes,1974-08-15,1,9,8,1,2,0,1,52,0
C0343,1,Joyce,Thompson,1952-06-17,0,9,8,0,2,0,2,74,1
C0344,1,Joshua,Jackson,1997-05-13,1,2,5,0,2,1,2,29,2
C0345,1,Stephanie,Hall,1969-09-15,0,9,27,0,4,1,2,57,1
C0346,1,Amy,Nelson,1963-06-02,0,9,8,0,5,0,0,63,1
C0347,1,Mark,Reyes,1992-05-24,1,9,53,0,3,1,2,34,1
C0348,1,Jack,Pierce,1982-02-13,1,9,11,1,5,1,0,44,0
C0349,1,Paul,Jackson,1975-06-26,1,9,1,0,2,1,0,51,1
C0350,1,Richard,Jones,1992-12-11,1,9,1,0,2,0,0,34,1
C0351,1,Michelle,Watson,1961-12-27,0,9,37,0,5,0,0,65,1
C0352,1,Judith,Williams,1977-06-22,0,9,25,1,3,0,0,49,0
C0353,1,Anna,Murray,1964-04-24,0,9,1,0,2,0,0,62,1
C0354,1,Kimberly,Turner,1998-10-23,0,9,8,0,4,0,2,28,1
C0355,1,Henry,Alexander,1951-10-16,1,6,2,1,1,0,2,75,0
C0356,1,Andrea,Kim,1976-06-06,0,9,15,0,3,0,2,50,1
C0357,1,Danielle,Griffin,1988-04-09,0,9,8,0,3,0,2,38,1
C0358,1,Katherine,Griffin,1978-09-26,0,0,26,0,3,1,0,48,2
C0359,1,Julie,Cooper,1951-03-10,0,9,8,1,1,0,0,75,0
C0360,1,Laura,Baker,1948-09-09,0,9,48,0,2,1,0,78,1
C0361,1,Nicholas,Miller,1958-09-08,1,8,12,0,1,1,2,68,1
C0362,1,Betty,Moore,2000-09-06,0,9,48,0,4,0,2,26,1
C0363,1,Christine,Edwards,1959-01-25,0,9,48,1,2,0,1,67,0
C0364,1,George,Gray,1944-03-02,1,9,47,0,2,0,2,82,1
C0365,1,Brandon,Morales,1962-02-11,1,9,11,1,5,0,0,64,0
C0366,1,Keith,Long,1983-04-26,1,9,8,0,4,0,2,43,1
C0367,1,Samuel,Collins,1964-11-25,1,9,8,1,4,0,0,62,0
C0368,1,Betty,Scott,1992-08-11,0,9,8,0,4,1,0,34,1
C0369,1,Helen,Murray,1954-10-01,0,9,48,0,2,1,0,72,1
C0370,1,Michelle,Brooks,1957-09-23,0,7,21,0,1,0,2,69,1
C0371,1,Ryan,Moore,1970-03-15,1,1,52,1,3,0,0,56,2
C0372,1,Teresa,Nelson,1952-04-22,0,1,13,1,1,0,0,74,2
C0373,1,Karen,Morales,1993-01-27,0,9,15,0,2,0,0,33,1
C0374,1,Madison,Hughes,1993-11-07,0,0,26,1,4,1,0,33,2
C0375,1,Kyle,Thompson,1968-07-15,1,9,8,1,4,0,2,58,0
C0376,1,Shirley,Smith,1953-04-19,0,9,8,0,3,0,2,73,1
C0377,1,Charles,Patterson,1998-05-14,1,9,53,0,4,0,2,28,1
C0378,1,Heather,Anderson,1957-11-28,0,9,8,1,3,1,2,69,0
C0379,0,Optima,Co,1977-04-22,1,9,8,1,2,1,1,49,0
C0380,1,Evelyn,Chavez,1973-09-13,0,9,8,0,3,1,2,53,1
C0381,1,David,Gray,1961-01-08,1,9,8,0,5,1,0,65,1
C0382,1,Nicholas,Garcia,1975-08-08,1,9,8,1,1,1,0,51,0
C0383,0,Novex,Co,1985-11-09,0,6,23,1,3,0,0,41,0
C0384,1,Amy,Stewart,1944-03-22,0,9,8,0,3,1,2,82,1
C0385,1,Douglas,Owens,1969-01-12,1,8,31,1,4,0,2,57,0
C0386,1,Carol,Stewart,1976-03-25,0,9,11,0,2,0,1,50,1
C0387,1,Jessica,Owens,1974-07-18,0,9,8,0,2,1,2,52,1
C0388,1,Zachary,Cox,1995-09-24,1,9,8,0,4,0,0,31,1
C0389,1,Ronald,Stone,1954-11-18,1,9,11,0,3,0,2,72,1
C0390,1,Steven,Griffin,1942-04-23,1,2,40,1,2,0,2,84,2
C0391,1,Heather,Long,1966-11-12,0,9,8,0,5,0,0,60,1
C0392,1,Katherine,Adams,1977-06-14,0,9,1,0,2,1,2,49,1
C0393,1,Nicole,Allen,1988-06-08,0,9,1,0,4,0,0,38,1
C0394,1,Shirley,Foster,1954-11-24,0,9,11,0,3,1,2,72,1
C0395,1,Deborah,Chavez,1959-01-17,0,9,14,0,1,0,2,67,1
C0396,1,Charles,Allen,2000-04-17,1,9,25,0,5,0,0,26,1
C0397,1,Hannah,Williams,2000-09-18,0,9,8,0,5,0,2,26,1
C0398,1,Jennifer,Alexander,1948-12-22,0,9,47,0,1,1,0,78,1
C0399,1,Albert,Kim,1984-06-09,1,9,8,0,4,0,0,42,1
C0400,1,Brandon,Anderson,1959-11-25,1,9,8,0,4,0,0,67,1
C0401,1,Brian,Anderson,1969-07-21,1,9,1,0,5,1,2,57,1
C0402,1,Brenda,Garcia,1941-02-22,0,9,15,0,5,0,2,85,1
C0403,1,Jennifer,Adams,1963-03-25,0,0,26,0,1,0,2,63,2
C0404,1,Sara,Cook,1976-12-05,0,4,28,1,1,0,1,50,2
C0405,0,Horizon,Co,1969-12-25,1,9,11,0,1,0,0,57,0
C0406,1,Christine,Brown,1960-05-26,0,9,11,0,3,0,2,66,1
C0407,1,Lisa,Freeman,1982-04-23,0,9,8,0,2,0,1,44,1
C0408,1,Tyler,Rogers,1977-02-03,1,9,8,0,3,0,2,49,1
C0409,1,Timothy,Reyes,1972-09-18,1,9,25,0,1,1,2,54,1
C0410,1,Diane,Johnson,1982-07-13,0,7,42,0,5,1,0,44,1
C0411,1,Amanda,Moore,1983-05-09,0,9,8,0,2,0,2,43,1
C0412,1,Karen,Richardson,1984-04-24,0,8,43,0,5,0,2,42,1
C0413,1,Brandon,Smith,1940-07-11,1,2,5,0,3,0,2,86,2
C0414,1,Brandon,Reed,1962-12-07,1,9,8,0,4,0,2,64,1
C0415,1,Grace,Turner,1980-07-09,0,9,25,0,5,1,0,46,1
C0416,0,Bravada,Co,1981-07-28,1,5,30,1,5,1,1,45,0
C0417,1,Peter,Collins,1947-12-03,1,9,48,0,2,0,2,79,1
C0418,1,Douglas,Howard,1996-08-20,1,9,1,0,5,0,0,30,1
C0419,1,Jack,Hansen,1962-11-03,1,9,53,0,3,1,0,64,1
C0420,1,Debra,Reyes,1994-01-04,0,9,8,0,5,0,0,32,1
C0421,1,Zachary,Cox,1975-08-25,1,5,17,1,5,1,2,51,0
C0422,0,Telnox,Co,1973-11-13,0,9,8,0,1,1,1,53,0
C0423,1,Rachel,Sanders,1950-04-17,0,9,8,0,1,0,1,76,1
C0424,1,Sarah,Stewart,1998-12-04,0,9,14,0,1,0,2,28,1
C0425,1,Gerald,Wright,1965-03-11,1,9,25,0,2,0,0,61,1
C0426,1,Julie,Brown,1953-10-07,0,9,37,0,4,1,1,73,1
C0427,1,Sarah,Peterson,1994-09-06,0,9,8,0,4,1,2,32,1
C0428,1,Gloria,Rogers,1962-07-20,0,9,37,0,3,0,0,64,1
C0429,1,Danielle,Stone,1995-11-05,0,9,8,0,3,1,2,31,1
C0430,1,Roger,Wood,1974-10-05,1,9,25,0,2,0,0,52,1
C0431,1,Austin,King,1969-05-05,1,9,8,0,5,1,2,57,1
C0432,0,Grandis,Co,1995-02-17,1,9,8,0,5,0,0,31,0
C0433,1,Ruth,Hughes,1969-03-03,0,9,8,1,2,1,2,57,0
C0434,1,Amanda,Sanders,1964-12-25,0,7,46,0,5,0,2,62,1
C0435,1,Sara,Richardson,1966-01-25,0,0,26,0,5,1,2,60,2
C0436,1,Brandon,Jones,1972-05-12,1,9,11,0,2,1,1,54,1
C0437,1,Danielle,James,1990-10-05,0,9,47,0,1,0,2,36,1
C0438,1,Gregory,Collins,1982-10-09,1,9,15,1,1,1,1,44,0
C0439,1,Larry,Thompson,1956-03-08,1,9,50,0,2,0,0,70,1
C0440,1,Lawrence,Parker,1960-07-13,1,9,8,1,1,0,0,66,0
C0441,1,Joan,Foster,1980-10-01,0,7,21,1,1,0,0,46,0
C0442,1,Sarah,Hansen,1975-04-14,0,9,11,0,3,1,2,51,1
C0443,1,Noah,Foster,1950-06-22,1,3,9,0,1,1,0,76,2
C0444,1,Jennifer,Martin,1941-03-15,0,9,8,0,2,0,2,85,1
C0445,1,Michelle,Evans,1995-11-12,0,9,8,0,2,1,2,31,1
C0446,1,Douglas,Thomas,1955-02-01,1,9,11,0,2,0,2,71,1
C0447,1,Patricia,Johnson,1956-06-27,0,9,27,0,2,0,2,70,1
C0448,1,Mark,White,1980-06-10,1,9,25,1,2,0,0,46,0
C0449,1,Jordan,King,1972-06-24,1,9,37,1,2,0,0,54,0
C0450,1,Matthew,Jackson,1992-02-19,1,6,33,0,3,0,2,34,1
C0451,1,Larry,Anderson,1985-09-20,1,2,0,1,5,1,1,41,2
C0452,1,Brandon,Adams,1967-10-17,1,9,53,0,3,0,2,59,1
C0453,1,Carl,Wood,1993-04-16,1,8,43,1,1,0,2,33,0
C0454,0,Altira,Co,1961-04-01,0,9,25,1,4,0,0,65,0
C0455,1,Karen,Williams,1963-02-01,0,9,8,0,1,0,0,63,1
C0456,1,Virginia,Brooks,1995-11-18,0,9,37,0,3,1,2,31,1
C0457,1,Kenneth,Hansen,1980-07-19,1,8,51,1,1,0,0,46,0
C0458,1,Thomas,Turner,1995-07-04,1,9,37,1,1,0,0,31,0
C0459,1,Steven,Johnson,1955-03-23,1,9,8,0,3,0,0,71,1
C0460,1,Amanda,Cox,1992-12-25,0,9,50,0,1,0,2,34,1
C0461,1,Jonathan,Peterson,1960-02-16,1,9,1,0,1,0,0,66,1
C0462,1,Eric,White,1943-10-22,1,0,49,0,2,0,0,83,2
C0463,1,Nicholas,Garcia,1970-06-13,1,9,8,0,5,0,1,56,1
C0464,1,Gregory,Turner,1974-12-11,1,9,14,0,5,0,2,52,1
C0465,1,George,Carter,1949-09-02,1,9,8,0,3,0,2,77,1
C0466,1,Patricia,Cox,1988-05-19,0,9,50,1,2,0,2,38,0
C0467,1,Rebecca,Chavez,1952-04-05,0,9,35,0,1,1,0,74,1
C0468,1,Raymond,Smith,1952-11-13,1,6,19,1,3,1,2,74,0
C0469,1,Adam,Foster,1997-03-23,1,9,8,0,2,0,2,29,1
C0470,1,Joan,Anderson,1963-02-17,0,9,37,0,1,0,0,63,1
C0471,1,Gary,Collins,1984-06-26,1,9,48,1,3,0,0,42,0
C0472,1,Edward,Moore,1951-10-04,1,9,8,0,4,0,2,75,1
C0473,1,Sharon,Price,1981-08-09,0,9,8,0,3,0,0,45,1
C0474,1,Gregory,Young,1995-12-08,1,9,25,0,1,0,2,31,1
C0475,1,William,Brooks,1946-08-18,1,1,52,1,2,1,0,80,2
C0476,1,Steven,Johnson,1997-04-05,1,9,14,0,3,0,0,29,1
C0477,1,Jesse,Stone,1984-02-01,1,9,8,1,4,1,2,42,0
C0478,1,Ashley,Garcia,1940-08-02,0,9,35,1,4,0,2,86,0
C0479,1,Virginia,Wright,1978-04-06,0,9,8,0,2,1,0,48,1
C0480,1,Scott,Bryant,1974-09-16,1,9,8,0,4,1,2,52,1
C0481,1,Sean,Williams,1976-12-12,1,9,1,0,3,0,0,50,1
C0482,1,Deborah,Brown,1980-10-08,0,9,27,1,3,1,0,46,0
C0483,1,Kevin,Jackson,1985-11-08,1,9,1,1,1,0,2,41,0
C0484,1,Janet,Wright,1989-04-19,0,9,47,1,3,0,2,37,0
C0485,1,Julia,Morales,1991-10-07,0,9,1,0,2,0,2,35,1
C0486,1,Billy,Carter,1999-09-16,1,9,8,1,2,1,2,27,0
C0487,1,Jessica,Williams,1991-10-23,0,9,53,0,5,0,2,35,1
C0488,1,Megan,Jackson,1979-05-11,0,9,8,1,4,0,0,47,0
C0489,1,Austin,Jordan,1950-06-08,1,5,4,1,2,0,2,76,0
C0490,1,Emily,Wright,1954-01-23,0,9,25,1,5,1,2,72,0
C0491,1,Noah,White,1941-08-05,1,9,53,0,2,0,2,85,1
C0492,1,Raymond,Price,2000-05-07,1,9,48,0,3,1,2,26,1
C0493,1,Tyler,Hughes,1954-07-06,1,9,11,0,3,0,2,72,1
C0494,1,Grace,Carter,1990-08-03,0,9,8,0,3,1,2,36,1
C0495,1,Jerry,Hall,1954-02-18,1,9,8,1,5,0,1,72,0
C0496,1,Billy,Reyes,1990-01-04,1,9,8,0,4,0,0,36,1
C0497,1,Emma,Stewart,1985-02-02,0,9,1,1,4,1,2,41,0
C0498,1,Nancy,Collins,1948-11-21,0,2,0,0,2,1,2,78,2
C0499,1,Lisa,Patterson,1946-02-10,0,9,11,0,3,1,0,80,1
C0500,1,Dennis,Howard,1977-03-15,1,9,8,0,4,1,2,49,1
C0501,1,Kenneth,Jackson,1995-11-12,1,9,25,1,5,1,0,31,0
C0502,1,Madison,Gray,1966-11-28,0,9,1,0,4,0,2,60,1
C0503,1,Keith,Peterson,1943-09-26,1,9,48,1,2,1,1,83,0
C0504,1,Jeffrey,Green,1992-01-14,1,9,48,0,2,0,2,34,1
C0505,1,Katherine,Wilson,1995-07-18,0,9,1,0,3,0,0,31,1
C0506,1,Albert,Stone,1967-07-04,1,9,8,0,5,0,0,59,1
C0507,1,Mark,Morales,1951-02-26,1,9,27,0,3,0,2,75,1
C0508,1,Grace,Weaver,1970-01-06,0,9,25,0,5,0,0,56,1
C0509,1,Aaron,Cook,1956-04-02,1,1,52,0,3,0,2,70,2
C0510,1,Samantha,Evans,1947-08-28,0,4,6,1,1,1,2,79,2
C0511,1,Christine,Parker,1954-07-20,0,8,12,0,2,0,2,72,1
C0512,1,Hannah,Flores,1945-06-27,0,9,1,0,1,0,1,81,1
C0513,1,Christian,Morales,1999-03-07,1,9,14,0,2,1,0,27,1
C0514,1,Rebecca,Evans,1977-08-17,0,9,37,0,1,1,2,49,1
C0515,1,Melissa,Patterson,1963-09-12,0,9,8,0,1,1,2,63,1
C0516,1,Lawrence,Nelson,1946-04-21,1,9,48,0,3,0,2,80,1
C0517,1,Harold,Thompson,1959-03-20,1,9,8,0,5,0,1,67,1
C0518,0,Lumina,Co,1962-05-22,0,9,27,0,3,0,2,64,0
C0519,1,Madison,Freeman,1975-10-04,0,9,1,1,3,0,0,51,0
C0520,1,Helen,White,1970-02-11,0,9,37,0,3,1,0,56,1
C0521,1,Stephanie,Allen,1967-04-02,0,2,5,0,3,0,2,59,2
C0522,1,Nicole,Campbell,1942-07-13,0,9,50,0,5,0,0,84,1
C0523,1,Cynthia,Hansen,1960-08-22,0,9,11,0,2,0,0,66,1
C0524,1,Harold,Thompson,1953-05-24,1,9,53,0,3,0,2,73,1
C0525,1,Frank,Gray,1950-06-12,1,9,1,0,4,1,0,76,1
C0526,1,Harold,Green,1968-02-28,1,5,3,0,5,0,2,58,2
C0527,1,Andrew,Baker,1979-07-19,1,9,8,0,2,0,2,47,1
C0528,1,Benjamin,Davis,2000-08-09,1,9,53,1,2,0,1,26,0
C0529,1,Paul,Jordan,1973-11-14,1,9,25,0,4,1,2,53,1
C0530,1,Patricia,Reed,1952-09-07,0,9,48,0,2,1,0,74,1
C0531,1,Emily,White,1976-09-19,0,9,8,0,1,0,2,50,1
C0532,1,Lauren,Moore,1979-08-12,0,1,13,0,2,0,2,47,2
C0533,1,Jeffrey,Williams,1963-09-06,1,9,25,1,1,0,0,63,0
C0534,1,Bryan,Miller,1958-02-21,1,9,8,1,1,0,0,68,0
C0535,1,Judith,Allen,1987-12-22,0,8,51,0,3,0,0,39,1
C0536,1,Brittany,Weaver,1956-03-14,0,9,1,1,5,1,2,70,0
C0537,1,Carl,Baker,1962-04-25,1,9,14,0,2,0,1,64,1
C0538,1,Richard,Pierce,1969-04-23,1,9,8,0,1,1,0,57,1
C0539,1,Lawrence,Bryant,1991-02-25,1,9,8,1,1,1,0,35,0
C0540,1,Anna,Long,1997-02-27,0,9,27,0,3,0,0,29,1
C0541,1,Anthony,Garcia,2000-03-22,1,8,31,0,3,0,0,26,1
C0542,0,Lumina,Co,1985-09-26,1,6,23,0,3,0,2,41,0
C0543,1,Joan,Parker,1947-07-23,0,9,47,0,2,1,2,79,1
C0544,1,Kevin,White,1974-10-16,1,9,48,0,2,0,2,52,1
C0545,1,Paul,Griffin,1942-08-04,1,9,11,0,1,1,0,84,1
C0546,1,Samuel,Flores,1967-12-23,1,2,22,0,4,0,1,59,2
C0547,1,Diane,Allen,1947-09-20,0,9,8,1,2,0,0,79,0
C0548,1,Christopher,Foster,1980-04-11,1,9,8,0,2,0,0,46,1
C0549,1,Daniel,Sanders,1972-10-15,1,9,14,0,4,0,2,54,1
C0550,0,Vertex,Co,1967-04-09,0,9,25,0,1,0,0,59,0
C0551,1,Billy,Freeman,1960-05-17,1,9,8,1,4,0,2,66,0
C0552,1,Kyle,Cook,1965-10-20,1,9,50,1,3,0,0,61,0
C0553,1,James,Bell,1978-11-26,1,9,1,0,3,0,2,48,1
C0554,1,Carl,Moore,1948-12-24,1,0,49,0,1,1,0,78,2
C0555,1,Aaron,Nelson,1971-04-23,1,9,8,1,4,1,0,55,0
C0556,1,Zachary,Sanders,1958-10-17,1,9,11,0,5,0,2,68,1
C0557,1,Judy,Griffin,1941-09-25,0,9,48,1,2,0,2,85,0
C0558,1,Cheryl,Wood,1974-10-23,0,3,29,0,3,0,2,52,2
C0559,0,Corvus,Co,1969-08-18,1,9,8,0,5,0,1,57,0
C0560,1,Janice,Nelson,1988-04-20,0,0,44,0,3,0,2,38,2
C0561,0,Bravada,Co,1962-11-20,0,9,1,1,3,0,2,64,0
C0562,1,Judy,Peterson,1940-11-23,0,9,48,1,5,1,2,86,0
C0563,1,William,Howard,1991-01-22,1,9,8,0,2,1,0,35,1
C0564,1,Scott,Adams,1952-09-02,1,9,47,0,1,0,0,74,1
C0565,1,Austin,Wood,1985-09-26,1,4,6,0,1,0,2,41,2
C0566,1,Janice,Miller,2000-12-09,0,9,37,1,4,1,0,26,0
C0567,1,Megan,Chavez,1953-10-07,0,7,42,1,2,1,0,73,0
C0568,1,Timothy,Wright,1953-09-04,1,9,8,0,3,0,2,73,1
C0569,1,Mary,Cook,1971-12-05,0,9,8,0,5,1,1,55,1
C0570,1,Hannah,Peterson,1965-06-03,0,4,34,0,5,1,2,61,2
C0571,1,Adam,Chavez,1966-07-03,1,9,8,0,3,0,2,60,1
C0572,1,Ann,Johnson,1993-11-12,0,9,8,1,5,0,2,33,0
C0573,0,Altira,Co,1977-04-24,1,9,15,0,4,1,0,49,0
C0574,1,Gerald,Cox,1968-09-15,1,9,8,0,2,0,0,58,1
C0575,1,Brian,Hansen,1966-01-21,1,9,8,1,2,0,2,60,0
C0576,1,Terry,Reyes,1959-02-24,1,5,16,0,1,0,1,67,2
C0577,1,Christopher,Miller,1989-05-18,1,9,1,0,3,0,2,37,1
C0578,1,Lauren,Rogers,1999-07-22,0,9,1,0,5,1,1,27,1
C0579,1,Christopher,Ward,1941-09-04,1,9,47,1,3,0,2,85,0
C0580,1,Heather,Watson,1948-11-01,0,9,8,0,2,1,1,78,1
C0581,1,Kimberly,Stewart,1957-12-21,0,9,8,1,5,1,2,69,0
C0582,1,Teresa,Pierce,1940-02-10,0,9,53,1,3,1,2,86,0
C0583,1,Kevin,Scott,1986-10-27,1,9,8,0,2,0,0,40,1
C0584,1,Janice,Taylor,1982-11-03,0,9,8,0,5,0,2,44,1
C0585,1,Anthony,Edwards,1961-02-07,1,9,11,0,3,0,0,65,1
C0586,1,Noah,Morales,1977-06-14,1,9,8,0,2,1,1,49,1
C0587,1,Pamela,Richardson,1992-11-24,0,9,27,0,4,0,2,34,1
C0588,1,Janice,White,1989-11-20,0,9,14,0,2,0,2,37,1
C0589,1,Christopher,Williams,1946-09-21,1,9,47,1,5,0,1,80,0
C0590,1,Arthur,Campbell,1966-09-16,1,8,43,1,2,0,2,60,0
C0591,1,Dorothy,Long,1968-09-03,0,9,25,0,1,0,2,58,1
C0592,1,Roger,Moore,1972-03-06,1,9,1,1,2,0,1,54,0
C0593,1,Elizabeth,Carter,1952-08-08,0,9,8,0,2,1,0,74,1
C0594,1,Diane,Patterson,1942-08-02,0,9,48,0,1,0,0,84,1
C0595,1,Anna,Murray,1966-10-06,0,9,48,0,3,0,0,60,1
C0596,1,Gerald,Phillips,1976-04-17,1,9,25,0,4,0,0,50,1
C0597,1,Peter,King,1986-02-17,1,8,31,0,2,1,2,40,1
C0598,1,Jacob,Gray,1949-06-24,1,9,11,1,4,0,2,77,0
C0599,1,Jennifer,Turner,1998-03-19,0,2,0,0,2,0,0,28,2
C0600,1,Thomas,King,1984-03-17,1,9,37,1,1,0,1,42,0
C0601,1,Lisa,Nelson,1972-10-16,0,9,8,0,4,0,2,54,1
C0602,1,Albert,Hayes,1984-03-24,1,5,3,0,4,0,0,42,2
C0603,1,Diane,Thompson,1994-01-07,0,9,27,0,4,1,0,32,1
C0604,1,Danielle,Montgomery,1998-09-17,0,1,52,0,1,0,0,28,2
C0605,1,Nathan,Flores,1974-06-28,1,9,48,0,4,1,0,52,1
C0606,1,Carolyn,Stone,1949-12-25,0,4,18,1,1,0,2,77,2
C0607,1,Daniel,Edwards,1962-09-14,1,9,8,0,1,0,0,64,1
C0608,1,Jerry,Adams,1956-06-14,1,9,8,0,4,0,0,70,1
C0609,1,Julia,Richardson,1961-05-22,0,9,53,0,4,0,0,65,1
C0610,1,Ann,Owens,1970-05-10,0,9,8,1,4,0,2,56,0
C0611,1,Jacob,Price,1950-12-06,1,9,8,0,4,0,0,76,1
C0612,1,Kevin,Wood,1960-01-26,1,9,14,0,4,0,0,66,1
C0613,1,Cynthia,Cox,1995-10-02,0,0,49,0,4,0,0,31,2
C0614,1,George,Bryant,1972-01-07,1,8,51,0,3,1,2,54,1
C0615,1,Jordan,King,1957-01-12,1,9,48,0,2,1,2,69,1
C0616,1,Julie,Brooks,1963-04-17,0,9,50,1,1,1,0,63,0
C0617,1,Carolyn,Evans,1986-10-07,0,9,35,0,5,1,2,40,1
C0618,1,Austin,Taylor,1968-05-11,1,9,47,0,3,0,0,58,1
C0619,1,Heather,Morales,1970-04-25,0,9,53,0,4,0,2,56,1
C0620,1,Sarah,Howard,1960-04-22,0,4,6,0,3,0,2,66,2
C0621,1,Jonathan,Turner,1982-02-13,1,5,3,1,3,1,0,44,0
C0622,1,Katherine,Ward,1987-10-09,0,9,53,1,2,0,1,39,0
C0623,1,Jonathan,Adams,1986-04-27,1,9,14,1,3,1,1,40,0
C0624,1,Carl,Jordan,2000-09-02,1,9,25,1,3,0,0,26,0
C0625,1,Deborah,Hayes,1983-07-08,0,1,13,1,2,1,0,43,2
C0626,1,Sara,Jones,1968-06-13,0,5,16,1,2,0,2,58,0
C0627,1,Katherine,Johnson,2000-11-07,0,9,1,0,3,0,0,26,1
C0628,1,Arthur,Campbell,1985-05-16,1,2,5,0,3,1,0,41,2
C0629,1,Maria,Richardson,1946-07-09,0,9,8,1,2,0,0,80,0
C0630,1,Stephen,Roberts,1965-07-28,1,9,8,0,2,0,2,61,1
C0631,1,Dorothy,Flores,1966-12-11,0,9,8,0,5,0,2,60,1
C0632,1,Thomas,Nelson,1948-05-16,1,8,31,0,4,0,2,78,1
C0633,1,Ann,Owens,1941-05-12,0,9,25,0,3,0,0,85,1
C0634,1,Justin,Ward,1980-11-17,1,9,53,1,4,1,2,46,0
C0635,1,Kimberly,King,1960-06-14,0,8,43,1,5,0,2,66,0
C0636,1,Kathleen,Rogers,1980-11-10,0,4,6,0,5,0,2,46,2
C0637,1,Catherine,Stone,1967-08-14,0,9,8,0,2,0,2,59,1
C0638,1,Jason,King,1975-02-04,1,9,35,0,5,1,2,51,1
C0639,1,Mark,Campbell,1961-03-03,1,8,43,0,3,1,2,65,1
C0640,1,Emily,Thompson,1967-03-01,0,9,48,0,3,0,0,59,1
C0641,0,Zynex,Co,1994-02-26,1,9,1,0,2,0,0,32,0
C0642,1,Julia,Reyes,1967-11-21,0,9,8,0,4,0,2,59,1
C0643,1,Samantha,Richardson,1974-05-05,0,9,8,0,5,0,2,52,1
C0644,1,Teresa,Johnson,1956-08-25,0,9,8,0,4,1,0,70,1
C0645,1,Arthur,Cox,1988-07-18,1,9,25,0,2,0,1,38,1
C0646,1,Cynthia,Campbell,1995-07-21,0,9,1,1,5,0,0,31,0
C0647,1,Victoria,Green,1946-02-06,0,9,8,0,4,0,0,80,1
C0648,1,Stephanie,Reed,1999-03-02,0,9,8,0,1,1,2,27,1
C0649,1,Patricia,Mitchell,1995-03-01,0,9,8,0,4,0,0,31,1
C0650,0,Polaris,Co,1976-02-19,1,4,34,0,3,1,1,50,2
C0651,0,Horizon,Co,1993-01-14,1,9,53,0,1,0,0,33,0
C0652,1,Heather,Johnson,1993-12-08,0,9,53,0,2,0,2,33,1
C0653,1,Gerald,Adams,1970-07-22,1,9,35,0,2,0,1,56,1
C0654,1,Eric,Griffin,1960-05-07,1,9,27,0,2,1,2,66,1
C0655,1,Patricia,King,1950-05-19,0,9,25,0,1,1,0,76,1
C0656,1,Amber,Allen,1977-02-08,0,9,11,0,5,0,1,49,1
C0657,1,Alexander,Allen,1956-09-26,1,9,8,0,2,0,0,70,1
C0658,1,Kelly,Green,1999-12-13,0,9,50,0,3,1,0,27,1
C0659,1,Sara,Foster,1988-10-06,0,9,8,0,4,1,0,38,1
C0660,1,Charles,Kim,1991-08-10,1,9,1,0,4,1,1,35,1
C0661,1,Deborah,Williams,1961-06-25,0,2,22,0,3,0,2,65,2
C0662,1,Stephanie,Kim,1957-08-25,0,9,8,1,3,0,2,69,0
C0663,1,Anthony,Flores,1958-02-02,1,9,8,0,2,1,0,68,1
C0664,1,Lawrence,Wood,1958-08-17,1,2,0,1,5,1,2,68,2
C0665,1,Robert,Adams,1959-08-27,1,9,11,1,1,0,0,67,0
C0666,1,Maria,Davis,1948-10-09,0,9,8,1,1,0,2,78,0
C0667,1,Anthony,Mitchell,1966-07-07,1,9,1,1,2,0,0,60,0
C0668,1,Margaret,Peterson,1978-11-15,0,4,18,1,4,1,2,48,2
C0669,1,Cheryl,Bell,1958-03-18,0,2,5,0,3,0,0,68,2
C0670,0,Altira,Co,1976-06-18,1,9,25,1,4,0,2,50,0
C0671,1,Jerry,Pierce,1941-12-09,1,9,11,0,4,1,1,85,1
C0672,1,Amber,Williams,1967-03-10,0,9,8,0,2,0,2,59,1
C0673,1,Janice,Hayes,1965-10-19,0,9,8,0,4,0,2,61,1
C0674,1,Judy,Turner,1986-05-26,0,9,8,1,4,0,2,40,0
C0675,1,Andrea,Wright,1969-12-23,0,9,47,0,5,0,2,57,1
C0676,1,Lisa,Davis,1942-06-12,0,9,25,0,2,0,0,84,1
C0677,1,Jerry,Miller,1981-09-02,1,9,1,1,2,0,0,45,0
C0678,1,Joseph,Watson,1972-10-19,1,9,8,0,4,1,2,54,1
C0679,1,Lisa,Patterson,1964-12-02,0,9,25,0,1,0,0,62,1
C0680,1,Andrew,Griffin,1965-04-16,1,9,48,1,2,0,0,61,0
C0681,0,Helios,Co,1977-04-25,0,9,8,0,3,0,0,49,0
C0682,1,Donald,Bennett,1973-06-12,1,9,8,0,5,0,2,53,1
C0683,1,Patrick,Jordan,1948-08-20,1,9,11,0,2,1,0,78,1
C0684,1,Donald,Miller,1985-10-05,1,9,8,0,1,0,0,41,1
C0685,1,Sharon,Hansen,1987-04-18,0,9,53,0,5,0,0,39,1
C0686,1,Michael,Howard,1963-11-17,1,9,8,0,1,1,2,63,1
C0687,1,Susan,Long,1959-01-03,0,9,48,0,3,1,2,67,1
C0688,1,Kathleen,Howard,1968-12-04,0,9,11,1,5,1,2,58,0
C0689,1,Ann,Williams,1998-04-17,0,9,8,0,4,0,2,28,1
C0690,1,Janet,Stewart,1985-09-09,0,9,37,0,4,1,0,41,1
C0691,1,Kenneth,Bell,1943-07-22,1,9,8,1,4,0,0,83,0
C0692,1,Adam,Roberts,1964-03-14,1,9,15,1,3,0,0,62,0
C0693,1,Jesse,Chavez,1957-04-28,1,9,8,1,5,1,0,69,0
C0694,0,Sterling,Co,1989-07-13,1,8,43,1,2,0,2,37,0
C0695,1,Timothy,Rogers,1947-03-24,1,9,53,0,4,0,2,79,1
C0696,1,Carol,Green,1994-03-06,0,9,53,1,5,1,0,32,0
C0697,1,Bryan,Mitchell,1986-11-01,1,9,8,1,4,1,0,40,0
C0698,1,Maria,Scott,1946-07-16,0,9,8,0,2,1,2,80,1
C0699,1,Stephen,Bennett,1986-12-22,1,9,53,0,1,1,0,40,1
C0700,1,Christine,Sanders,1944-04-14,0,9,53,0,5,0,2,82,1
C0701,1,Danielle,Peterson,1962-09-17,0,8,12,1,1,0,2,64,0
C0702,1,Nicholas,Flores,1966-07-24,1,9,1,0,5,0,0,60,1
C0703,0,Elara,Co,1984-05-15,1,9,11,0,3,0,2,42,0
C0704,1,Nicole,Jordan,1942-01-23,0,9,15,0,4,0,0,84,1
C0705,1,Timothy,Murray,1940-12-18,1,9,25,0,3,0,2,86,1
C0706,1,Kyle,Thomas,1984-06-23,1,8,12,1,2,0,1,42,0
C0707,1,Zachary,Richardson,1995-09-23,1,9,50,0,5,1,2,31,1
C0708,1,Brian,Cook,1964-11-28,1,9,8,0,2,0,1,62,1
C0709,1,Samantha,Price,1982-11-06,0,9,15,0,2,1,0,44,1
C0710,1,Kyle,Bryant,1946-08-18,1,9,37,0,2,1,0,80,1
C0711,1,Victoria,Hughes,1995-10-20,0,9,8,1,3,0,0,31,0
C0712,1,Joseph,Scott,1991-01-21,1,9,8,0,1,0,0,35,1
C0713,1,Debra,Thomas,1997-02-14,0,9,8,1,3,0,0,29,0
C0714,1,Kyle,Murray,1977-01-03,1,7,42,0,3,0,2,49,1
C0715,1,Janice,Wilson,1982-08-05,0,9,48,0,3,0,2,44,1
C0716,1,Jordan,Davis,1994-10-24,1,8,31,0,1,0,1,32,1
C0717,1,Virginia,Weaver,1946-06-09,0,9,1,1,3,1,0,80,0
C0718,1,Martha,Scott,1944-10-08,0,4,18,0,2,1,2,82,2
C0719,1,Jason,Jordan,1974-07-02,1,9,8,1,2,1,0,52,0
C0720,1,Shirley,Wilson,1981-05-17,0,9,8,1,1,1,0,45,0
C0721,1,Julia,Jordan,1999-03-07,0,9,14,0,4,0,2,27,1
C0722,1,Carol,Sanders,1943-09-11,0,9,47,0,1,0,2,83,1
C0723,1,Ann,Hansen,1999-04-19,0,5,30,0,3,1,2,27,2
C0724,1,Samuel,Howard,1960-09-27,1,9,1,1,4,1,0,66,0
C0725,1,Katherine,Jones,1983-07-03,0,9,27,0,3,0,2,43,1
C0726,1,Melissa,Harris,1977-01-25,0,9,15,0,4,0,2,49,1
C0727,1,Ronald,Bell,1941-08-24,1,9,8,1,3,1,1,85,0
C0728,1,Jason,Jones,1971-07-23,1,9,8,0,3,1,0,55,1
C0729,1,Raymond,Long,1944-01-04,1,9,53,1,3,1,0,82,0
C0730,1,Gregory,Baker,1988-05-09,1,9,8,1,4,0,2,38,0
C0731,1,Larry,Harris,2000-10-18,1,9,8,0,5,0,0,26,1
C0732,1,Justin,Peterson,1985-03-03,1,9,37,0,5,0,2,41,1
C0733,1,Susan,White,1976-01-03,0,9,25,0,5,0,0,50,1
C0734,1,Danielle,Ward,1981-06-27,0,9,50,1,5,1,1,45,0
C0735,1,Matthew,Long,1994-08-10,1,5,17,1,4,0,2,32,0
C0736,1,Jordan,Campbell,1942-06-13,1,9,48,1,3,0,0,84,0
C0737,1,Harold,Harris,1978-08-15,1,9,8,1,3,0,0,48,0
C0738,1,Jose,White,1980-09-21,1,9,47,0,5,0,2,46,1
C0739,1,Albert,Turner,1965-03-16,1,9,8,0,2,0,0,61,1
C0740,1,Julia,Bell,1966-12-08,0,9,48,1,1,0,1,60,0
C0741,1,Sandra,Stone,1962-08-11,0,9,8,0,2,0,2,64,1
C0742,1,Bryan,Howard,1980-08-21,1,8,51,0,1,1,2,46,1
C0743,1,Joshua,Allen,1972-09-10,1,9,37,1,4,1,2,54,0
C0744,1,Helen,Morales,1950-11-10,0,9,50,0,1,0,2,76,1
C0745,1,Emily,Collins,1997-06-18,0,9,8,1,5,0,2,29,0
C0746,1,Gary,Reyes,1956-10-13,1,8,43,0,4,0,2,70,1
C0747,1,George,Patterson,1992-04-18,1,9,14,0,4,1,2,34,1
C0748,0,Vantage,Co,1974-03-05,0,9,8,0,1,1,1,52,0
C0749,1,Dorothy,Anderson,1992-11-26,0,9,27,0,5,0,0,34,1
C0750,1,Janice,Price,1976-06-08,0,9,25,1,1,0,0,50,0
C0751,1,Keith,Parker,1974-09-19,1,9,8,0,5,0,1,52,1
C0752,1,Lisa,Young,1954-12-17,0,1,7,1,3,0,0,72,2
C0753,1,Nicholas,Patterson,1960-12-22,1,5,16,0,5,0,2,66,2
C0754,1,Teresa,Johnson,1970-08-17,0,9,1,1,3,0,2,56,0
C0755,0,Celera,Co,1967-12-23,0,9,8,0,5,0,2,59,0
C0756,1,Jessica,Patterson,1963-03-19,0,9,48,0,5,1,2,63,1
C0757,1,Keith,Taylor,1946-05-09,1,9,37,0,3,1,2,80,1
C0758,1,Joe,Allen,1958-08-12,1,9,8,1,2,0,2,68,0
C0759,1,Samuel,Anderson,1991-10-27,1,9,14,0,4,0,2,35,1
C0760,1,Amanda,Adams,1964-12-27,0,9,8,1,3,0,2,62,0
C0761,1,Joyce,Patterson,1981-08-24,0,1,13,0,2,0,0,45,2
C0762,1,Anna,Young,1967-07-01,0,9,35,0,4,0,2,59,1
C0763,0,Summit,Co,1971-07-18,0,9,15,0,3,0,0,55,0
C0764,1,Debra,Parker,1983-02-09,0,8,31,1,4,0,1,43,0
C0765,1,Joe,Green,1967-06-22,1,4,6,0,3,0,2,59,2
C0766,1,Robert,Bennett,1994-09-04,1,5,30,0,3,1,1,32,2
C0767,1,David,Brown,1961-02-02,1,2,5,1,2,0,0,65,2
C0768,1,Matthew,Weaver,1992-07-22,1,3,45,1,5,1,2,34,2
C0769,1,Nicole,Long,1958-02-21,0,9,35,0,4,0,0,68,1
C0770,1,Shirley,Hall,1951-02-09,0,7,21,0,4,0,2,75,1
C0771,0,Quasar,Co,1984-06-09,1,9,8,0,1,0,2,42,0
C0772,1,Ethan,White,1991-09-25,1,9,8,1,1,0,1,35,0
C0773,1,Christopher,Taylor,1964-12-09,1,7,42,0,1,0,2,62,1
C0774,1,David,Wood,1983-03-23,1,9,15,0,5,1,0,43,1
C0775,1,Andrea,Reyes,1975-12-25,0,9,1,0,1,0,0,51,1
C0776,1,Ashley,Morales,1966-06-11,0,5,3,0,4,1,0,60,2
C0777,0,Meridian,Co,1982-05-15,1,9,1,0,1,0,1,44,0
C0778,1,George,Pierce,1998-07-22,1,9,8,1,4,1,0,28,0
C0779,1,Lisa,Hughes,1953-04-05,0,9,8,0,5,1,0,73,1
C0780,1,Martha,Hansen,1947-08-01,0,9,8,0,3,0,2,79,1
C0781,1,Gerald,Sanders,1940-11-28,1,9,8,1,5,1,2,86,0
C0782,1,Ethan,Williams,1970-10-02,1,9,48,1,2,1,2,56,0
C0783,1,Betty,Sanders,1961-03-27,0,2,0,0,1,1,0,65,2
C0784,1,Charles,Baker,1973-06-26,1,6,2,1,4,0,2,53,0
C0785,0,Rexon,Co,1971-03-27,0,9,8,0,2,0,2,55,0
C0786,1,Sarah,Martin,1983-03-25,0,9,8,1,3,0,2,43,0
C0787,1,Andrew,Jackson,1950-11-20,1,9,53,0,1,0,2,76,1
C0788,1,Matthew,Stone,1944-05-14,1,4,6,1,4,0,2,82,2
C0789,1,Madison,Price,1974-04-06,0,2,36,1,1,0,2,52,2
C0790,1,Brandon,Cooper,1974-01-18,1,9,8,0,5,1,0,52,1
C0791,1,Walter,Adams,1983-01-07,1,9,47,0,4,0,2,43,1
C0792,1,Joseph,Richardson,1982-04-14,1,9,8,1,4,1,2,44,0
C0793,1,Kevin,Brown,1969-09-04,1,9,27,0,4,0,0,57,1
C0794,1,Gregory,Mitchell,1951-02-11,1,9,8,0,4,1,2,75,1
C0795,1,Harold,Murray,1969-01-14,1,9,8,1,4,1,2,57,0
C0796,1,Stephanie,Ward,1983-04-11,0,9,8,1,5,1,2,43,0
C0797,1,Joan,Gray,1990-06-08,0,9,37,0,5,1,0,36,1
C0798,0,Novex,Co,1965-10-21,1,9,25,0,4,1,0,61,0
C0799,1,Pamela,Johnson,1954-07-24,0,9,8,0,4,0,2,72,1
C0800,1,Lawrence,Smith,1974-01-02,1,9,50,1,5,1,2,52,0
C0801,1,Betty,Price,1969-04-03,0,9,53,0,4,1,2,57,1
C0802,1,Matthew,Williams,1970-11-10,1,9,50,0,5,0,0,56,1
C0803,1,Evelyn,Moore,1945-12-13,0,9,47,0,4,0,0,81,1
C0804,1,Tyler,Cook,1967-01-10,1,9,53,0,5,0,0,59,1
C0805,1,Albert,Cook,1953-01-17,1,5,4,0,1,1,2,73,2
C0806,1,Jack,Richardson,1989-11-18,1,4,18,0,5,0,1,37,2
C0807,1,Amy,Chavez,1993-11-16,0,6,23,1,5,0,2,33,0
C0808,1,Gregory,Ward,1943-05-17,1,5,4,0,3,1,2,83,2
C0809,1,Hannah,Alexander,1967-02-16,0,4,34,0,5,1,0,59,2
C0810,1,Ronald,Sanders,1995-02-13,1,9,8,0,1,1,2,31,1
C0811,1,Carl,Allen,1945-04-17,1,8,51,0,3,0,0,81,1
C0812,1,Harold,Cooper,1974-08-24,1,8,31,0,3,1,2,52,1
C0813,1,Gerald,Cook,1974-10-11,1,8,43,1,3,0,0,52,0
C0814,1,Joan,Stewart,1964-03-26,0,9,8,0,2,0,2,62,1
C0815,0,Horizon,Co,1965-11-06,0,9,25,0,4,1,0,61,0
C0816,1,Deborah,Wright,1947-12-23,0,5,16,0,2,1,2,79,2
C0817,1,Grace,Thompson,1972-05-12,0,9,8,1,1,0,2,54,0
C0818,0,Sterling,Co,1991-09-08,0,9,11,0,2,0,2,35,0
C0819,1,Jose,Bryant,1951-03-15,1,9,8,0,5,0,2,75,1
C0820,1,Judith,Collins,1940-10-22,0,9,47,1,4,0,0,86,0
C0821,1,Elizabeth,Moore,1957-09-04,0,9,8,0,5,1,0,69,1
C0822,1,Jessica,Weaver,1959-04-19,0,9,8,1,3,1,2,67,0
C0823,1,Nancy,Hayes,1975-04-16,0,9,37,1,5,1,0,51,0
C0824,1,Douglas,Cox,1976-06-01,1,9,8,0,3,0,0,50,1
C0825,1,Ruth,Hughes,1982-03-26,0,6,33,0,4,1,0,44,1
C0826,1,Jason,Stewart,1970-09-11,1,9,35,1,4,1,2,56,0
C0827,1,Ruth,Wright,1965-08-23,0,9,53,0,2,1,2,61,1
C0828,1,Elizabeth,Stewart,1947-10-10,0,9,1,1,4,1,2,79,0
C0829,1,Jonathan,Stewart,1960-11-16,1,9,48,1,3,0,2,66,0
C0830,1,William,Martin,1952-05-16,1,9,37,1,3,0,0,74,0
C0831,1,Judith,Martin,1977-09-24,0,9,8,0,2,0,2,49,1
C0832,1,Dorothy,Ward,1990-01-09,0,9,25,1,3,1,2,36,0
C0833,1,Roger,Green,1951-11-06,1,3,45,0,5,0,2,75,2
C0834,1,Helen,Parker,1957-12-23,0,9,8,0,5,0,2,69,1
C0835,1,Maria,Foster,1974-06-06,0,9,8,0,5,1,2,52,1
C0836,1,Adam,Sanders,1942-02-04,1,9,35,0,4,0,2,84,1
C0837,1,Peter,Montgomery,1967-06-06,1,4,6,0,1,0,2,59,2
C0838,1,Jacob,Morris,1992-04-05,1,9,25,1,1,1,2,34,0
C0839,1,Elizabeth,Baker,1994-01-26,0,8,12,0,5,1,0,32,1
C0840,1,Elizabeth,Wilson,1981-11-01,0,1,7,0,1,0,2,45,2
C0841,1,Timothy,Cooper,1999-02-05,1,1,52,0,5,0,2,27,2
C0842,1,Keith,Morales,1996-02-27,1,9,53,0,5,1,1,30,1
C0843,1,Amanda,Hansen,2000-12-04,0,9,15,0,4,0,0,26,1
C0844,1,Margaret,Scott,1947-06-13,0,9,8,0,2,0,2,79,1
C0845,1,Ashley,Long,1993-09-05,0,9,53,0,3,0,1,33,1
C0846,1,Martha,Harris,1976-05-15,0,2,40,1,3,0,0,50,2
C0847,1,Nicole,James,1988-02-27,0,9,48,0,2,1,0,38,1
C0848,1,Aaron,Hughes,1967-11-22,1,9,8,0,4,0,0,59,1
C0849,1,Brian,Wilson,1977-04-11,1,9,37,0,1,1,2,49,1
C0850,1,Judy,Stone,1983-11-13,0,9,11,1,5,0,0,43,0
C0851,1,Kyle,White,1993-05-16,1,9,8,1,2,1,2,33,0
C0852,1,Carl,Brown,1989-07-20,1,5,30,0,2,0,0,37,2
C0853,1,Gerald,Bryant,1950-08-07,1,9,48,0,4,0,2,76,1
C0854,1,David,Reyes,1944-02-13,1,9,8,0,4,0,2,82,1
C0855,1,Amanda,Foster,1973-03-10,0,0,41,0,4,0,2,53,2
C0856,1,Janice,Chavez,1964-08-16,0,9,14,0,5,1,2,62,1
C0857,1,Danielle,Ward,1951-05-11,0,9,8,1,1,1,2,75,0
C0858,1,Samuel,Howard,1994-07-12,1,9,25,0,1,0,2,32,1
C0859,1,Megan,Anderson,1942-12-03,0,9,8,0,2,1,0,84,1
C0860,1,Virginia,Morales,1968-07-09,0,9,48,0,5,1,2,58,1
C0861,1,Christine,Peterson,1994-08-04,0,4,6,1,2,0,0,32,2
C0862,1,Amanda,Jordan,1981-06-14,0,9,11,1,1,0,2,45,0
C0863,1,Brandon,Peterson,1975-04-20,1,1,52,0,5,1,0,51,2
C0864,1,Noah,Kim,1970-07-07,1,9,47,0,3,0,2,56,1
C0865,1,Rebecca,Gray,1975-05-20,0,9,11,1,5,1,2,51,0
C0866,1,Lawrence,Bryant,1987-11-27,1,1,7,0,3,0,0,39,2
C0867,1,Julia,Davis,1967-04-12,0,9,8,0,2,0,0,59,1
C0868,1,Victoria,Rogers,1945-02-21,0,9,14,0,3,1,0,81,1
C0869,1,Jose,Roberts,1993-03-07,1,9,8,0,4,0,0,33,1
C0870,0,Harmon,Co,1966-09-01,0,8,31,0,2,1,2,60,0
C0871,1,Pamela,Pierce,1989-11-28,0,9,50,0,1,1,2,37,1
C0872,1,Sarah,Bennett,1943-06-22,0,8,12,0,4,0,2,83,1
C0873,1,Gerald,Murray,1940-09-09,1,9,27,0,2,0,2,86,1
C0874,1,Debra,Murray,1953-07-26,0,1,13,1,2,0,2,73,2
C0875,1,Jeffrey,Evans,1972-07-09,1,2,22,0,4,0,2,54,2
C0876,1,Benjamin,Chavez,1973-08-22,1,9,8,0,3,0,1,53,1
C0877,1,Jennifer,Weaver,1998-12-22,0,9,48,1,2,1,0,28,0
C0878,1,Ashley,Hansen,1945-04-28,0,9,25,0,4,1,2,81,1
C0879,1,Brandon,Adams,1945-03-15,1,8,31,0,4,1,2,81,1
C0880,1,Judith,Bennett,1941-06-23,0,9,27,0,2,0,2,85,1
C0881,1,Ruth,Weaver,1954-09-24,0,9,11,1,1,0,2,72,0
C0882,1,Peter,Moore,2000-07-07,1,8,51,0,3,0,2,26,1
C0883,1,Gerald,Thompson,1946-10-22,1,9,47,0,4,0,1,80,1
C0884,1,Joe,Reed,1949-05-07,1,9,25,0,2,0,2,77,1
C0885,1,Michael,Williams,1941-09-21,1,2,5,1,2,1,0,85,2
C0886,1,Joseph,Brooks,1961-07-20,1,9,8,0,3,1,0,65,1
C0887,1,Joan,Bryant,1993-04-23,0,9,8,0,3,0,0,33,1
C0888,1,Sharon,Montgomery,1987-05-24,0,5,4,0,4,1,2,39,2
C0889,1,Scott,Campbell,1985-10-15,1,9,25,1,4,1,2,41,0
C0890,1,Julie,Nelson,1955-07-23,0,9,50,1,3,1,2,71,0
C0891,1,Raymond,Roberts,1970-06-20,1,5,30,1,1,1,2,56,0
C0892,1,Helen,Watson,1958-06-05,0,9,8,1,2,1,2,68,0
C0893,1,Evelyn,Thompson,1995-06-23,0,9,11,0,3,1,2,31,1
C0894,1,Carl,Evans,1953-06-14,1,9,15,0,5,0,2,73,1
C0895,1,Amanda,Rogers,1953-08-25,0,9,1,1,4,1,2,73,0
C0896,1,Timothy,Jones,1970-05-06,1,4,6,0,4,1,0,56,2
C0897,1,Ann,Foster,1971-08-04,0,0,49,0,1,0,2,55,2
C0898,1,Deborah,King,1953-09-27,0,9,1,1,5,1,0,73,0
C0899,0,Apex,Co,1988-06-26,0,9,53,1,2,0,2,38,0
C0900,1,Betty,Cook,1999-05-22,0,5,30,0,4,0,0,27,2
C0901,1,Gregory,Allen,1999-02-15,1,4,6,1,4,0,0,27,2
C0902,0,Peerex,Co,1964-02-11,0,8,31,0,3,1,0,62,0
C0903,1,Christine,Morales,1992-04-28,0,9,47,1,3,0,2,34,0
C0904,1,Nancy,Brooks,1984-03-08,0,7,42,0,1,1,2,42,1
C0905,1,Emma,Allen,1993-05-16,0,9,50,0,5,1,2,33,1
C0906,1,Jacqueline,Baker,1969-08-13,0,9,8,1,5,0,2,57,0
C0907,1,Danielle,Scott,1973-11-14,0,9,8,0,3,0,0,53,1
C0908,1,Carl,Kim,1960-11-17,1,9,8,0,4,1,0,66,1
C0909,1,Brandon,Turner,1967-07-10,1,9,8,1,1,1,0,59,0
C0910,1,Victoria,Jackson,1971-11-24,0,9,47,0,3,1,0,55,1
C0911,1,Donald,Long,1989-03-27,1,9,8,0,4,0,2,37,1
C0912,1,Christina,Freeman,1949-05-11,0,9,8,0,1,0,0,77,1
C0913,1,Nathan,Hansen,1999-01-13,1,9,8,0,4,0,0,27,1
C0914,1,Helen,Freeman,1948-10-12,0,4,38,1,4,0,2,78,2
C0915,1,Ronald,Harris,1948-01-23,1,9,14,0,2,0,0,78,1
C0916,1,Nathan,Hansen,1988-02-10,1,7,24,0,2,0,2,38,1
C0917,1,Kenneth,Hughes,1969-08-01,1,9,1,0,2,1,0,57,1
C0918,1,Susan,Cook,2000-02-21,0,0,54,0,4,0,1,26,2
C0919,1,Barbara,Foster,1975-08-17,0,2,40,1,5,0,0,51,2
C0920,1,Christian,Williams,1973-10-11,1,9,8,0,4,0,2,53,1
C0921,1,Christina,Reyes,1999-03-10,0,0,26,0,4,0,0,27,2
C0922,1,Joe,Bell,1942-10-28,1,0,49,1,4,1,2,84,2
C0923,1,Ruth,Richardson,1950-08-26,0,9,37,0,3,0,1,76,1
C0924,1,Emily,Wright,1988-03-20,0,9,8,0,4,0,2,38,1
C0925,1,Michael,Ward,1944-05-12,1,5,16,0,2,0,2,82,2
C0926,1,Lauren,Harris,1961-04-04,0,9,8,0,3,0,2,65,1
C0927,1,Carol,Hayes,1962-11-04,0,4,18,0,4,0,1,64,2
C0928,1,Jordan,Jordan,1950-02-27,1,9,8,0,1,1,0,76,1
C0929,1,Jack,Hall,1954-05-23,1,9,53,0,4,0,2,72,1
C0930,1,Debra,Moore,1993-04-15,0,9,53,1,1,1,0,33,0
C0931,1,Daniel,Parker,1977-12-25,1,9,25,1,2,1,1,49,0
C0932,1,Kathleen,Moore,1949-07-14,0,9,27,0,5,0,2,77,1
C0933,1,Kimberly,Johnson,1955-09-03,0,9,8,0,4,0,2,71,1
C0934,1,Barbara,Allen,1943-10-02,0,8,31,1,5,1,2,83,0
C0935,1,Katherine,Cooper,2000-05-17,0,2,22,0,4,0,0,26,2
C0936,1,Carolyn,Brooks,1951-04-10,0,9,8,0,3,0,1,75,1
C0937,1,Gerald,Chavez,1982-04-03,1,9,1,0,5,0,1,44,1
C0938,1,William,Chavez,1963-05-08,1,7,21,0,4,0,2,63,1
C0939,1,Anna,Alexander,1978-02-02,0,1,7,1,1,0,2,48,2
C0940,1,Kyle,Bell,1985-12-19,1,9,50,1,5,0,2,41,0
C0941,1,Grace,Moore,1955-07-17,0,6,19,0,1,0,0,71,1
C0942,1,Joan,Jackson,1991-12-14,0,9,8,0,1,0,2,35,1
C0943,1,Karen,Cox,1957-09-13,0,2,22,1,5,0,2,69,2
C0944,1,Virginia,Hughes,1956-08-24,0,9,14,0,2,0,2,70,1
C0945,1,Emily,Hayes,1945-09-04,0,4,38,0,4,0,2,81,2
C0946,1,Ashley,Weaver,1946-07-04,0,9,25,1,3,1,0,80,0
C0947,1,Samantha,Cox,1981-05-16,0,9,47,0,2,0,2,45,1
C0948,1,Emma,Nelson,1989-12-16,0,9,8,1,3,1,2,37,0
C0949,1,Julia,Price,1943-06-26,0,9,11,1,5,1,1,83,0
C0950,1,Christina,Price,1991-12-11,0,9,47,1,5,0,2,35,0
C0951,1,Rachel,Chavez,1998-11-15,0,6,33,0,1,1,1,28,1
C0952,1,Ann,Martin,1959-09-03,0,9,37,0,5,0,2,67,1
C0953,0,Helios,Co,1995-10-22,1,9,53,0,5,1,2,31,0
C0954,1,Michael,Evans,1950-04-08,1,4,6,1,4,1,0,76,2
C0955,1,Megan,Garcia,1969-01-11,0,9,8,0,1,0,2,57,1
C0956,1,Donald,Jackson,1966-03-10,1,9,8,0,1,1,2,60,1
C0957,0,Crestwood,Co,1961-05-21,1,9,37,0,2,1,1,65,0
C0958,1,Betty,Rogers,1991-07-11,0,9,25,0,1,1,2,35,1
C0959,1,Carl,Hayes,1952-09-13,1,9,8,0,3,0,0,74,1
C0960,1,Linda,Bennett,1960-04-01,0,9,1,1,1,1,1,66,0
C0961,1,Brandon,Morales,1974-08-03,1,8,51,0,2,1,2,52,1
C0962,1,Nicholas,Hansen,1940-07-18,1,9,8,0,4,0,2,86,1
C0963,1,James,Davis,1941-08-09,1,2,0,0,4,0,0,85,2
C0964,1,Elizabeth,Hall,1953-09-19,0,9,8,0,4,0,2,73,1
C0965,1,Lauren,Adams,1961-09-26,0,9,27,1,3,0,2,65,0
C0966,0,Corvus,Co,1995-10-11,1,9,8,1,3,0,2,31,0
C0967,1,Jennifer,Moore,1959-01-20,0,9,8,0,2,0,0,67,1
C0968,1,Julie,Hansen,1995-11-21,0,9,1,0,4,0,2,31,1
C0969,1,Amber,Ward,1976-03-27,0,7,46,1,1,1,0,50,0
C0970,1,Peter,Johnson,1986-12-01,1,3,29,0,3,1,2,40,2
C0971,1,Cynthia,Mitchell,1969-06-02,0,9,11,1,5,1,2,57,0
C0972,1,Sandra,Evans,1964-09-16,0,9,1,0,5,0,0,62,1
C0973,1,Charles,Stone,1992-12-03,1,9,8,1,2,0,1,34,0
C0974,1,Michael,Hansen,1961-05-22,1,9,27,0,1,0,0,65,1
C0975,1,Gregory,Reyes,1946-07-09,1,9,48,0,4,0,2,80,1
C0976,1,Ryan,Miller,1983-07-18,1,9,8,0,4,1,2,43,1
C0977,1,Ryan,James,1996-04-07,1,9,8,0,1,0,0,30,1
C0978,1,Lauren,Brown,1963-11-11,0,9,8,0,4,1,2,63,1
C0979,1,Madison,Roberts,1940-02-25,0,2,40,1,4,0,2,86,2
C0980,1,Daniel,Davis,1942-01-13,1,9,27,1,1,1,2,84,0
C0981,1,Jessica,Stewart,1961-11-14,0,9,8,1,1,0,2,65,0
C0982,1,Joyce,Jackson,1961-07-08,0,2,22,1,5,1,0,65,2
C0983,1,Brittany,Freeman,1994-06-21,0,5,30,0,4,0,2,32,2
C0984,1,Mark,Johnson,1962-12-03,1,2,5,0,5,1,0,64,2
C0985,1,Ruth,Griffin,1954-10-15,0,9,8,0,1,1,2,72,1
C0986,1,Jacqueline,Ward,1981-10-18,0,7,42,0,2,0,2,45,1
C0987,1,Maria,Johnson,1967-10-22,0,5,30,0,1,1,0,59,2
C0988,1,Douglas,Cooper,1988-04-21,1,9,47,0,3,1,0,38,1
C0989,1,Amber,Cook,1946-10-19,0,9,37,0,4,0,2,80,1
C0990,1,Carl,Carter,1942-01-21,1,9,48,0,4,0,2,84,1
C0991,1,Heather,Adams,1975-03-27,0,9,25,0,1,0,2,51,1
C0992,1,Scott,Hughes,1988-11-19,1,3,9,0,1,1,2,38,2
C0993,1,Ryan,Campbell,1954-03-11,1,9,8,0,2,1,2,72,1
C0994,1,Michael,Moore,1976-11-26,1,9,8,0,3,0,2,50,1
C0995,1,Amanda,Kim,1949-10-14,0,0,26,0,1,1,2,77,2
C0996,1,Terry,Howard,1956-06-11,1,2,22,0,2,1,1,70,2
C0997,1,Terry,Collins,1950-03-11,1,9,8,1,3,1,0,76,0
C0998,0,Grandis,Co,1969-05-06,0,9,50,0,4,0,0,57,0
C0999,1,Jacqueline,Cox,1969-09-15,0,9,8,1,3,0,0,57,0
C1000,1,Judith,Parker,1963-07-21,0,9,48,0,2,1,2,63,1
C1001,1,Aaron,Nelson,1981-07-13,1,9,8,0,3,0,2,45,1
C1002,1,Scott,Hughes,1967-06-08,1,9,8,0,5,0,2,59,1
C1003,1,Lauren,Bennett,1977-08-11,0,9,25,0,2,0,2,49,1
C1004,1,Alexander,Anderson,1982-09-17,1,9,37,0,3,1,2,44,1
C1005,1,Barbara,Chavez,1988-06-07,0,5,16,0,3,0,1,38,2
C1006,1,Stephanie,Weaver,1992-12-24,0,9,15,0,1,0,2,34,1
C1007,1,Joyce,Brooks,1948-10-25,0,8,12,0,4,0,0,78,1
C1008,0,Sterling,Co,1987-10-02,1,9,8,0,2,0,2,39,0
C1009,1,Evelyn,Bell,1950-02-11,0,9,25,1,4,1,0,76,0
C1010,1,Dennis,Moore,1964-03-10,1,6,19,0,4,0,2,62,1
C1011,1,Virginia,Brooks,1952-12-18,0,9,8,1,1,0,2,74,0
C1012,1,Raymond,Morales,1960-10-20,1,9,27,0,4,1,2,66,1
C1013,1,Stephanie,Patterson,1994-06-19,0,9,37,0,1,1,2,32,1
C1014,1,David,Weaver,1969-01-06,1,9,8,0,3,1,2,57,1
C1015,1,Kyle,Davis,1977-09-01,1,9,8,0,4,1,2,49,1
C1016,1,Andrea,Wilson,1976-04-05,0,9,8,0,4,1,0,50,1
C1017,1,Megan,Baker,1968-12-22,0,9,8,0,1,1,0,58,1
C1018,1,Tiffany,Turner,1967-06-19,0,9,11,0,5,1,1,59,1
C1019,1,Carolyn,Stewart,1975-10-27,0,9,25,0,2,0,1,51,1
C1020,1,Deborah,Morales,1994-07-23,0,9,8,0,3,0,0,32,1
C1021,1,Jeffrey,Bryant,1974-09-04,1,9,8,1,1,0,1,52,0
C1022,1,Christina,King,1984-04-17,0,9,11,0,1,0,0,42,1
C1023,1,Heather,Bell,1953-07-28,0,9,25,0,1,1,2,73,1
C1024,1,Gregory,Long,1969-08-03,1,9,1,1,2,0,0,57,0
C1025,1,Michelle,King,1947-01-20,0,9,8,0,1,0,1,79,1
C1026,1,Robert,Parker,1991-08-12,1,9,8,1,1,0,0,35,0
C1027,1,Gerald,White,1976-12-10,1,9,8,1,1,1,1,50,0
C1028,1,Nicholas,Cox,1942-04-07,1,9,8,0,1,1,2,84,1
C1029,1,Ryan,Jackson,1949-11-06,1,0,49,0,1,0,0,77,2
C1030,1,Christine,Owens,1960-04-20,0,9,35,0,4,0,2,66,1
C1031,1,Alexander,Reed,1989-01-13,1,8,12,0,1,0,2,37,1
C1032,1,Larry,Freeman,1977-01-03,1,9,25,0,5,0,2,49,1
C1033,1,Eric,Jackson,1962-06-21,1,4,18,0,2,0,2,64,2
C1034,1,Andrea,Wilson,1979-01-20,0,9,11,0,5,0,1,47,1
C1035,1,Jacob,Williams,1961-02-10,1,9,50,0,2,0,2,65,1
C1036,1,Martha,Collins,1988-03-13,0,9,37,0,2,0,0,38,1
C1037,0,Corvus,Co,1970-01-02,1,6,2,0,2,1,2,56,0
C1038,1,Gerald,Gray,1959-05-25,1,9,8,1,3,0,2,67,0
C1039,1,Nicholas,Carter,1962-07-17,1,9,8,0,1,1,0,64,1
C1040,1,Joseph,Young,1940-04-05,1,9,8,1,5,1,2,86,0
C1041,1,Evelyn,Morris,1990-12-07,0,9,25,0,5,1,2,36,1
C1042,1,Rebecca,Parker,1945-08-03,0,9,25,0,2,0,0,81,1
C1043,1,Carol,Griffin,1999-07-14,0,9,53,0,5,0,2,27,1
C1044,1,Eric,Howard,1971-05-15,1,9,25,1,5,0,2,55,0
C1045,1,Rebecca,Allen,1942-04-01,0,9,27,0,3,0,2,84,1
C1046,1,Maria,Wood,1969-05-21,0,2,40,0,4,1,2,57,2
C1047,1,Ronald,Reyes,1984-12-12,1,9,50,0,3,0,2,42,1
C1048,1,Angela,Turner,1970-01-27,0,9,37,1,1,0,0,56,0
C1049,1,Tiffany,Sanders,1940-11-05,0,9,8,1,5,0,2,86,0
C1050,1,Tyler,Watson,1955-10-03,1,9,15,0,4,1,2,71,1
C1051,1,Cheryl,Hansen,1958-07-19,0,9,50,0,1,1,0,68,1
C1052,1,Kimberly,Parker,1953-04-24,0,9,48,0,1,1,0,73,1
C1053,1,Adam,Kim,1974-11-10,1,6,33,0,2,1,2,52,1
C1054,1,Edward,Foster,1989-09-04,1,9,1,0,2,1,2,37,1
C1055,1,Jonathan,Bennett,1972-11-20,1,9,27,1,2,1,2,54,0
C1056,1,Larry,Wilson,1979-01-19,1,9,11,0,1,1,2,47,1
C1057,1,Jesse,Garcia,1994-04-17,1,9,25,1,5,0,2,32,0
C1058,1,Rachel,Weaver,1973-06-12,0,5,3,0,3,1,2,53,2
C1059,1,Danielle,Davis,1978-06-26,0,9,8,0,4,0,2,48,1
C1060,1,Christian,Evans,1940-12-25,1,9,25,0,5,0,0,86,1
C1061,1,Stephanie,Smith,1960-06-01,0,8,43,0,1,0,2,66,1
C1062,1,Billy,Foster,1975-12-20,1,9,8,0,4,0,0,51,1
C1063,1,Nicole,Weaver,1988-12-05,0,9,27,1,5,1,2,38,0
C1064,1,Brandon,Pierce,1945-08-06,1,9,8,0,5,1,2,81,1
C1065,1,Mark,Reyes,1955-01-06,1,9,15,0,3,1,1,71,1
C1066,1,Ashley,Moore,1941-09-21,0,0,49,0,1,0,2,85,2
C1067,1,Samuel,Howard,1942-12-24,1,6,19,1,4,0,0,84,0
C1068,1,Kathleen,Carter,1984-02-10,0,9,8,0,3,0,0,42,1
C1069,1,Lawrence,Cox,1992-06-13,1,9,50,0,3,1,0,34,1
C1070,1,Virginia,Rogers,1951-06-26,0,5,3,0,5,0,0,75,2
C1071,1,Aaron,Johnson,1966-08-11,1,9,47,0,2,0,0,60,1
C1072,1,Kimberly,Jones,1962-06-10,0,9,48,0,3,0,0,64,1
C1073,1,Carl,Collins,1955-07-02,1,9,8,1,2,0,2,71,0
C1074,1,George,Foster,1954-07-10,1,8,31,0,1,0,2,72,1
C1075,1,Carolyn,Watson,1975-02-17,0,6,2,0,3,0,2,51,1
C1076,1,Betty,Thompson,1980-10-28,0,9,14,1,3,0,0,46,0
C1077,1,Peter,Griffin,1982-03-07,1,9,47,1,2,0,0,44,0
C1078,1,Joshua,Howard,1940-07-22,1,9,35,0,1,0,0,86,1
C1079,1,Steven,Hayes,1959-06-19,1,9,8,1,4,1,2,67,0
C1080,1,Hannah,Stewart,1956-10-06,0,8,12,1,4,0,0,70,0
C1081,0,Meridian,Co,1974-09-08,1,7,32,0,4,1,0,52,0
C1082,1,Patricia,Martin,1993-02-04,0,9,37,1,5,1,2,33,0
C1083,1,Pamela,Jackson,1950-10-06,0,9,11,1,4,0,0,76,0
C1084,1,Sarah,Hansen,1989-07-27,0,4,18,0,4,0,0,37,2
C1085,1,Sarah,Flores,1947-10-18,0,0,41,1,1,0,1,79,2
C1086,1,Timothy,Montgomery,1956-03-01,1,9,11,0,1,1,2,70,1
C1087,1,Matthew,Owens,1984-01-03,1,9,11,0,3,0,2,42,1
C1088,1,Nicholas,Stewart,1998-09-26,1,9,48,0,4,1,0,28,1
C1089,1,Madison,Ward,1962-09-17,0,9,48,0,1,1,2,64,1
C1090,1,Laura,Moore,1962-09-07,0,2,0,0,3,1,1,64,2
C1091,1,Arthur,Phillips,1984-07-21,1,9,25,0,1,1,0,42,1
C1092,1,Terry,Adams,1996-11-24,1,9,37,1,2,0,2,30,0
C1093,1,Adam,Allen,1980-07-13,1,9,37,0,1,1,2,46,1
C1094,1,Sarah,Cook,1960-02-12,0,9,53,0,2,1,2,66,1
C1095,1,Cynthia,Howard,1940-02-26,0,9,8,0,3,0,0,86,1
C1096,1,Grace,Edwards,1965-05-20,0,9,27,0,2,0,1,61,1
C1097,1,Teresa,Pierce,1962-07-16,0,2,0,0,3,1,0,64,2
C1098,1,Paul,Young,1976-10-24,1,9,8,1,3,0,1,50,0
C1099,1,Joan,Scott,1972-06-26,0,9,11,0,3,0,0,54,1
C1100,1,Frank,Thomas,1940-05-14,1,7,32,0,1,0,2,86,1
C1101,1,Matthew,King,1964-01-03,1,1,13,0,5,0,2,62,2
C1102,0,Harmon,Co,1960-05-06,1,5,4,0,2,0,0,66,2
C1103,1,Jose,Johnson,1961-04-27,1,1,52,0,4,0,0,65,2
C1104,1,Christian,Weaver,1998-10-15,1,9,48,1,5,1,2,28,0
C1105,1,Roger,Ward,1940-01-14,1,9,25,0,3,1,2,86,1
C1106,1,Sean,Martin,1982-05-16,1,9,8,0,1,0,0,44,1
C1107,1,Frank,Hayes,1948-01-15,1,2,5,0,1,0,2,78,2
C1108,1,Helen,Ward,1994-01-12,0,0,44,0,4,0,2,32,2
C1109,1,Rebecca,Anderson,1967-09-05,0,9,8,0,1,1,1,59,1
C1110,1,Harold,Watson,1977-05-12,1,9,27,0,5,1,2,49,1
C1111,0,Corvus,Co,1967-01-23,1,9,8,0,4,1,2,59,0
C1112,1,Donald,Green,1982-01-05,1,9,25,1,3,1,2,44,0
C1113,1,Brenda,Martin,1974-08-18,0,9,47,1,2,0,1,52,0
C1114,1,Cheryl,Wood,1992-02-04,0,9,8,0,3,0,2,34,1
C1115,1,Joseph,Bell,1973-10-24,1,9,11,0,3,1,0,53,1
C1116,1,Angela,Freeman,1991-12-17,0,9,8,0,1,1,0,35,1
C1117,1,Rebecca,Patterson,1955-02-23,0,6,23,0,5,1,2,71,1
C1118,0,Caldera,Co,1969-04-26,1,8,43,1,2,1,2,57,0
C1119,1,Larry,Green,1941-03-14,1,9,37,0,1,1,2,85,1
C1120,1,Kathleen,Carter,1979-07-16,0,9,1,0,1,0,2,47,1
C1121,1,Carolyn,Gray,1985-06-02,0,9,8,0,1,0,1,41,1
C1122,1,Judith,Evans,1942-10-04,0,9,8,0,4,0,2,84,1
C1123,1,Robert,Pierce,1951-03-11,1,9,50,0,5,0,0,75,1
C1124,1,Sharon,Murray,1976-02-04,0,9,37,1,5,1,2,50,0
C1125,1,Ronald,Price,1941-02-03,1,9,37,0,3,0,0,85,1
C1126,0,Elara,Co,1983-02-16,1,9,50,0,1,1,2,43,0
C1127,1,Ann,Cooper,1943-06-15,0,8,12,1,1,0,2,83,0
C1128,1,Brian,Montgomery,1983-12-05,1,9,8,1,1,0,2,43,0
C1129,1,Martha,Hansen,1945-09-03,0,9,11,1,5,0,0,81,0
C1130,1,Tiffany,Parker,1987-03-01,0,9,1,0,5,0,2,39,1
C1131,1,Cheryl,Kim,1984-05-28,0,9,8,1,3,0,2,42,0
C1132,1,Terry,Roberts,1982-01-21,1,9,27,0,2,1,2,44,1
C1133,1,Jason,Hansen,1993-01-21,1,9,37,1,3,0,2,33,0
C1134,1,Dorothy,Bennett,1943-10-10,0,9,8,1,1,0,2,83,0
C1135,1,Melissa,Phillips,1999-09-22,0,7,24,1,5,1,1,27,0
C1136,1,Shirley,Weaver,1965-04-27,0,9,8,0,3,1,0,61,1
C1137,1,Carol,Price,1986-12-24,0,9,25,0,4,1,0,40,1
C1138,1,George,Green,1964-08-24,1,9,37,0,1,0,2,62,1
C1139,1,Tiffany,Green,1996-03-03,0,9,8,0,4,1,1,30,1
C1140,1,Billy,Jackson,1976-07-01,1,9,14,0,1,1,2,50,1
C1141,1,Kimberly,Montgomery,2000-01-26,0,9,1,1,3,0,2,26,0
C1142,1,Julia,Hughes,1948-03-10,0,9,11,0,2,1,0,78,1
C1143,1,Michael,Garcia,1994-09-10,1,9,1,0,2,1,2,32,1
C1144,1,Diane,Young,1978-11-10,0,9,15,1,4,0,1,48,0
C1145,1,Ethan,King,1993-04-04,1,9,25,0,5,0,2,33,1
C1146,1,Richard,Weaver,1991-03-14,1,9,8,1,2,0,2,35,0
C1147,1,Brittany,Edwards,1978-02-09,0,9,48,0,3,0,2,48,1
C1148,1,Joshua,Rogers,1991-07-15,1,0,26,0,1,1,0,35,2
C1149,1,Kimberly,Thomas,1980-03-06,0,7,46,0,3,0,0,46,1
C1150,1,Tiffany,Cook,1992-11-08,0,9,25,1,4,0,0,34,0
C1151,1,Tyler,Anderson,1963-12-14,1,9,1,1,2,0,2,63,0
C1152,1,Jason,Williams,1977-09-16,1,9,15,0,1,0,2,49,1
C1153,1,Scott,Sanders,1991-09-14,1,9,8,0,1,0,2,35,1
C1154,1,Jerry,Brown,1956-07-12,1,9,48,0,5,1,0,70,1
C1155,1,William,Young,1977-03-03,1,9,8,0,5,0,2,49,1
C1156,1,Dorothy,Kim,1956-05-16,0,9,50,0,4,0,0,70,1
C1157,1,Kenneth,Davis,1944-11-02,1,2,0,1,2,0,2,82,2
C1158,1,Joan,Pierce,1955-05-19,0,9,8,1,2,0,2,71,0
C1159,1,Gerald,Howard,1940-03-24,1,9,25,1,1,1,2,86,0
C1160,1,Walter,Griffin,1980-11-21,1,9,14,0,2,1,2,46,1
C1161,1,Stephen,White,1994-02-12,1,2,0,1,3,1,2,32,2
C1162,1,Charles,Nelson,1962-01-25,1,9,8,1,2,0,2,64,0
C1163,1,Noah,Morales,1998-10-26,1,9,8,0,3,1,2,28,1
C1164,1,Emma,Watson,1968-04-11,0,1,52,0,3,1,0,58,2
C1165,1,Victoria,Alexander,1994-09-26,0,7,24,0,1,0,2,32,1
C1166,1,Scott,Hall,1991-11-15,1,9,27,1,1,0,2,35,0
C1167,1,Kevin,Alexander,1967-12-20,1,8,43,0,3,0,2,59,1
C1168,1,Brittany,Reyes,1998-12-25,0,5,16,0,2,1,0,28,2
C1169,1,Noah,Bryant,1994-01-05,1,7,42,0,5,1,0,32,1
C1170,1,Amanda,Collins,1990-02-09,0,9,25,0,1,1,2,36,1
C1171,1,Anna,Patterson,1984-08-21,0,9,8,1,4,1,2,42,0
C1172,1,Victoria,Freeman,1942-11-05,0,9,25,0,5,0,2,84,1
C1173,1,Cheryl,Price,1984-11-02,0,2,22,1,1,0,2,42,2
C1174,1,Kenneth,White,1982-07-06,1,9,25,0,2,0,0,44,1
C1175,1,Evelyn,Long,1959-09-27,0,9,8,0,2,0,2,67,1
C1176,1,Lauren,Baker,1975-06-03,0,9,8,1,4,1,0,51,0
C1177,1,Larry,Sanders,1998-09-05,1,9,8,1,2,0,0,28,0
C1178,1,Jessica,Richardson,1950-07-16,0,9,8,0,1,0,0,76,1
C1179,1,Melissa,Anderson,1991-02-09,0,9,8,0,4,0,0,35,1
C1180,1,Deborah,Miller,1995-07-11,0,1,7,0,2,1,2,31,2
C1181,1,Judith,Hansen,1956-03-23,0,9,25,1,5,0,2,70,0
C1182,1,Christopher,Murray,1961-03-11,1,5,3,1,3,1,2,65,0
C1183,1,Carl,Rogers,1993-11-14,1,9,1,1,1,0,2,33,0
C1184,1,David,Nelson,1953-04-14,1,4,18,0,2,0,2,73,2
C1185,1,Ronald,Peterson,2000-06-27,1,9,8,0,3,0,2,26,1
C1186,1,Victoria,Bennett,1978-06-27,0,9,25,0,3,1,2,48,1
C1187,1,Melissa,Pierce,1962-03-18,0,9,25,0,4,0,2,64,1
C1188,1,Matthew,White,1995-11-01,1,2,0,0,1,0,1,31,2
C1189,1,Peter,Alexander,1963-01-22,1,9,14,0,2,1,1,63,1
C1190,1,Sandra,Baker,1946-08-04,0,9,47,0,4,0,1,80,1
C1191,1,Mary,Cox,1950-04-17,0,9,8,1,3,0,2,76,0
C1192,1,Adam,Jones,2000-01-05,1,9,14,0,5,0,2,26,1
C1193,1,Amy,Owens,1975-04-20,0,8,12,0,1,0,2,51,1
C1194,1,Melissa,Brooks,1943-06-17,0,9,11,0,1,0,2,83,1
C1195,1,Anna,Pierce,1990-06-07,0,9,8,0,4,1,0,36,1
C1196,1,William,Freeman,1955-09-03,1,9,25,0,2,0,0,71,1
C1197,1,Deborah,Roberts,1959-04-10,0,9,1,0,4,0,2,67,1
C1198,1,Lisa,Young,1960-01-21,0,9,27,0,1,0,0,66,1
C1199,1,Justin,Campbell,1943-03-03,1,9,11,0,2,0,2,83,1
C1200,1,Henry,Taylor,1969-11-03,1,9,48,0,4,0,0,57,1
C1201,1,Timothy,Stewart,2000-03-22,1,9,37,1,1,1,2,26,0
C1202,0,Telnox,Co,1985-05-09,1,2,40,1,5,1,2,41,2
C1203,1,Ashley,Green,1962-01-18,0,9,1,0,2,1,2,64,1
C1204,1,William,Reed,1992-04-03,1,6,39,1,2,1,2,34,0
C1205,1,Patrick,Pierce,1959-05-15,1,1,13,0,4,0,2,67,2
C1206,1,Melissa,Baker,1957-12-09,0,9,8,1,5,0,2,69,0
C1207,1,Lauren,Price,1973-10-24,0,9,47,0,5,1,0,53,1
C1208,1,Noah,Ward,1977-11-27,1,9,11,0,1,0,2,49,1
C1209,1,Tiffany,Kim,1978-07-01,0,9,8,0,4,1,2,48,1
C1210,1,Dennis,Cox,1991-06-04,1,9,8,1,1,0,2,35,0
C1211,1,Kathleen,Owens,1996-07-10,0,2,5,0,5,1,2,30,2
C1212,1,Lawrence,Gray,1957-07-11,1,9,8,0,1,0,0,69,1
C1213,1,Ruth,Martin,1993-08-06,0,2,22,0,5,0,2,33,2
C1214,1,Jennifer,Peterson,2000-08-10,0,9,14,0,1,0,0,26,1
C1215,1,Charles,Patterson,1994-07-24,1,9,8,0,3,0,2,32,1
C1216,1,Martha,Jordan,1997-07-10,0,4,28,0,4,0,2,29,2
C1217,1,William,Carter,1997-01-05,1,9,8,1,4,1,2,29,0
C1218,1,Teresa,Smith,1941-12-28,0,9,8,0,1,1,2,85,1
C1219,1,Danielle,Howard,1983-12-06,0,9,1,0,1,1,2,43,1
C1220,1,Christina,Martin,1967-09-08,0,9,11,1,4,1,2,59,0
C1221,1,Cynthia,Thomas,1984-05-23,0,9,25,1,2,0,0,42,0
C1222,1,Christopher,Taylor,1969-01-07,1,9,48,0,4,0,2,57,1
C1223,1,Sharon,Stone,1952-09-17,0,9,53,0,4,0,2,74,1
C1224,1,Paul,Carter,1942-06-13,1,9,27,1,5,1,1,84,0
C1225,1,Larry,James,1990-11-10,1,9,37,0,2,0,2,36,1
C1226,1,Michael,Sanders,1989-05-01,1,9,48,0,4,0,2,37,1
C1227,1,Alexander,Reyes,1987-03-13,1,9,11,0,3,1,0,39,1
C1228,1,Joseph,Howard,1954-07-07,1,9,8,0,2,0,2,72,1
C1229,1,Madison,Reyes,1994-11-02,0,8,43,0,1,1,2,32,1
C1230,1,Lawrence,Parker,1985-02-18,1,9,8,0,5,0,1,41,1
C1231,1,Betty,Carter,1954-12-09,0,9,8,0,2,0,0,72,1
C1232,1,Mary,Jackson,1989-09-23,0,2,5,0,3,0,2,37,2
C1233,1,Brian,Scott,1979-08-05,1,9,48,0,4,0,2,47,1
C1234,1,Karen,King,1957-01-20,0,9,11,1,1,0,2,69,0
C1235,1,Michael,Morales,1957-05-27,1,9,1,0,2,0,2,69,1
C1236,1,Brandon,Cook,1972-08-24,1,9,1,0,4,1,2,54,1
C1237,1,Helen,Cook,1943-09-25,0,8,51,1,4,1,2,83,0
C1238,1,Joshua,Bennett,1946-04-22,1,9,25,0,1,1,0,80,1
C1239,1,Catherine,Adams,1953-02-07,0,9,37,0,3,0,0,73,1
C1240,1,Gloria,Wright,1984-11-12,0,9,25,1,4,1,2,42,0
C1241,1,Danielle,Martin,1973-08-19,0,9,8,0,1,0,0,53,1
C1242,1,Gerald,Collins,1961-09-22,1,9,8,0,3,1,2,65,1
C1243,1,Jeffrey,Edwards,1948-10-04,1,9,11,0,1,0,2,78,1
C1244,1,Joseph,Phillips,1992-06-10,1,9,48,1,5,1,2,34,0
C1245,1,Edward,Reyes,1963-02-10,1,9,8,0,3,1,0,63,1
C1246,1,Joyce,Jackson,1943-05-10,0,2,0,0,2,0,0,83,2
C1247,1,Judy,Moore,1957-04-09,0,9,25,1,2,0,2,69,0
C1248,1,Sara,Scott,1976-07-04,0,9,1,0,3,0,0,50,1
C1249,1,Janet,James,1971-07-14,0,9,8,1,1,0,2,55,0
C1250,1,Jordan,Stewart,1950-04-19,1,9,25,0,5,0,0,76,1
C1251,1,Aaron,Thompson,1975-11-01,1,9,47,1,5,0,2,51,0
C1252,1,Margaret,Cook,1962-02-27,0,9,1,0,3,1,2,64,1
C1253,1,Jason,Flores,1991-09-24,1,9,8,0,2,0,0,35,1
C1254,1,Ethan,Freeman,1956-04-04,1,9,8,0,5,1,0,70,1
C1255,1,Mark,Patterson,1999-09-15,1,9,8,0,3,0,0,27,1
C1256,0,Triton,Co,1972-02-18,0,9,8,1,4,0,0,54,0
C1257,1,Michael,Scott,1991-12-22,1,9,8,0,5,1,0,35,1
C1258,1,Betty,Stone,1969-06-22,0,9,25,0,1,0,2,57,1
C1259,1,William,Edwards,1971-02-19,1,9,8,1,3,1,0,55,0
C1260,1,Elizabeth,Ward,1992-08-24,0,9,8,0,2,0,0,34,1
C1261,1,Patrick,Kim,1976-09-03,1,9,48,0,3,0,1,50,1
C1262,1,Dorothy,Evans,1950-11-10,0,9,8,1,4,0,0,76,0
C1263,1,Lawrence,Alexander,1951-11-17,1,9,8,1,3,0,0,75,0
C1264,1,Sarah,Garcia,1999-12-06,0,9,8,1,1,0,0,27,0
C1265,1,Gary,White,1943-03-24,1,9,53,0,1,1,0,83,1
C1266,1,Christopher,Hughes,1952-06-20,1,8,12,0,2,0,2,74,1
C1267,1,Dorothy,Peterson,1965-04-07,0,9,11,0,3,1,2,61,1
C1268,1,Gloria,Green,1995-10-01,0,8,31,1,1,1,2,31,0
C1269,1,Jack,Bennett,1964-09-28,1,9,8,0,5,0,2,62,1
C1270,1,Cheryl,Ward,1978-10-18,0,9,47,0,4,0,0,48,1
C1271,1,Noah,Anderson,1992-09-10,1,9,8,0,2,1,0,34,1
C1272,1,Ryan,Collins,1941-05-13,1,4,34,0,1,1,2,85,2
C1273,1,Gerald,Jordan,1968-05-13,1,2,0,0,5,0,2,58,2
C1274,1,Linda,Jones,1979-07-09,0,9,8,1,1,1,2,47,0
C1275,1,Jessica,Roberts,1969-02-26,0,9,15,1,1,0,2,57,0
C1276,1,Arthur,Griffin,1940-03-09,1,0,49,0,1,1,0,86,2
C1277,1,Lauren,Griffin,1981-04-01,0,9,8,1,2,0,0,45,0
C1278,1,Arthur,Griffin,1997-07-25,1,9,48,0,4,0,2,29,1
C1279,1,Peter,Martin,1943-10-12,1,9,8,0,4,1,2,83,1
C1280,1,Jacob,Bennett,1953-09-19,1,9,47,0,2,1,2,73,1
C1281,1,Deborah,Edwards,1998-06-12,0,2,22,1,2,1,2,28,2
C1282,1,Ashley,Taylor,1996-05-18,0,9,11,1,3,1,0,30,0
C1283,1,Janice,Collins,1945-11-08,0,9,27,0,3,0,0,81,1
C1284,1,Patrick,Bennett,1955-10-16,1,9,8,0,2,0,2,71,1
C1285,1,Steven,Cox,1954-03-02,1,9,48,0,4,1,2,72,1
C1286,1,Stephen,Evans,1963-07-10,1,9,8,0,5,0,0,63,1
C1287,1,Diane,Hughes,1998-04-07,0,9,8,1,4,0,2,28,0
C1288,1,Sean,Cooper,1941-01-20,1,1,52,0,3,0,0,85,2
C1289,1,Samuel,Freeman,1973-07-26,1,6,19,1,1,1,0,53,0
C1290,1,Teresa,Long,1973-10-24,0,9,53,0,3,1,2,53,1
C1291,1,Paul,Johnson,1983-11-09,1,9,8,1,5,1,2,43,0
C1292,1,Jordan,Evans,1977-05-22,1,9,47,1,5,1,2,49,0
C1293,1,Anna,Wright,1972-08-01,0,9,8,0,1,0,0,54,1
C1294,1,Henry,Davis,1963-02-09,1,2,36,1,3,1,0,63,2
C1295,1,Anna,Bryant,1992-04-21,0,9,8,1,1,1,2,34,0
C1296,1,Keith,Hughes,1963-06-02,1,9,50,0,1,0,2,63,1
C1297,0,Vertex,Co,1983-09-06,1,5,4,0,5,0,2,43,2
C1298,1,Margaret,Taylor,1968-08-04,0,9,8,0,2,0,0,58,1
C1299,1,Karen,James,1944-05-05,0,9,8,1,3,0,2,82,0
C1300,1,Judith,Collins,1961-01-06,0,9,8,0,2,0,2,65,1
C1301,1,Benjamin,Hayes,1955-12-17,1,9,50,0,2,0,0,71,1
C1302,1,Jerry,Anderson,1996-04-19,1,9,1,1,5,0,2,30,0
C1303,1,Christian,Miller,1962-08-22,1,9,1,0,3,1,2,64,1
C1304,1,Angela,Cook,1985-06-08,0,9,8,1,1,0,2,41,0
C1305,1,Catherine,Anderson,1978-09-17,0,9,15,0,4,0,2,48,1
C1306,1,Kathleen,Morales,1948-03-18,0,9,53,0,5,0,2,78,1
C1307,1,Rachel,Rogers,1993-02-14,0,9,11,0,5,0,0,33,1
C1308,1,Timothy,Sanders,2000-03-04,1,9,8,1,5,0,0,26,0
C1309,1,David,Reyes,1999-12-06,1,9,8,0,5,0,2,27,1
C1310,1,Ann,Roberts,1955-05-04,0,9,27,0,5,0,0,71,1
C1311,1,Christopher,Ward,1940-08-14,1,8,12,0,4,1,1,86,1
C1312,1,Timothy,Stone,1942-09-03,1,9,27,0,5,0,2,84,1
C1313,1,Heather,Reed,1972-03-17,0,0,54,1,3,0,2,54,2
C1314,1,Rachel,Miller,1964-09-17,0,9,1,0,3,0,2,62,1
C1315,1,Joshua,Garcia,1948-12-24,1,9,11,0,3,0,0,78,1
C1316,1,Emma,King,1993-05-09,0,9,11,0,2,1,2,33,1
C1317,0,Atlas,Co,1973-11-27,1,9,48,0,2,1,2,53,0
C1318,1,William,Montgomery,1943-01-18,1,9,47,0,1,0,2,83,1
C1319,1,Grace,James,1954-08-17,0,9,14,0,3,1,1,72,1
C1320,1,Peter,Reyes,1969-05-03,1,9,8,1,1,0,2,57,0
C1321,1,Christopher,Reed,1990-09-11,1,9,11,1,5,0,1,36,0
C1322,1,Barbara,Reyes,1994-12-26,0,9,8,0,5,0,0,32,1
C1323,1,Nicholas,Moore,1963-07-28,1,9,48,0,3,0,2,63,1
C1324,1,Carl,Edwards,1992-04-21,1,9,1,1,2,1,0,34,0
C1325,1,George,Jones,1974-12-09,1,2,0,0,5,1,0,52,2
C1326,1,Brandon,Mitchell,1944-05-22,1,9,11,1,4,0,2,82,0
C1327,1,Betty,Carter,1993-05-14,0,9,8,0,4,1,2,33,1
C1328,1,Sandra,Cooper,1956-07-23,0,9,53,0,4,0,2,70,1
C1329,1,Scott,Parker,1968-04-28,1,9,8,1,3,1,0,58,0
C1330,1,Kelly,James,1975-05-02,0,9,11,1,2,0,0,51,0
C1331,1,Christina,Bennett,1986-10-06,0,9,8,1,1,0,0,40,0
C1332,1,Michael,Howard,1995-12-11,1,9,53,1,5,1,0,31,0
C1333,1,Jack,Hansen,1988-03-27,1,9,25,1,2,1,2,38,0
C1334,1,Victoria,Nelson,1965-12-08,0,9,8,0,5,1,0,61,1
C1335,1,Elizabeth,Hall,1982-05-01,0,9,37,1,2,1,2,44,0
C1336,1,Joyce,Thompson,1948-12-09,0,9,8,0,5,0,1,78,1
C1337,1,Jennifer,Johnson,1953-09-20,0,9,8,1,5,0,2,73,0
C1338,1,Christine,James,1968-12-01,0,9,8,0,2,1,2,58,1
C1339,0,Rexon,Co,1961-02-24,1,9,25,0,4,1,2,65,0
C1340,0,Forsyte,Co,1988-12-05,1,9,11,0,5,0,2,38,0
C1341,1,Julie,Cox,1952-09-23,0,9,11,0,5,1,2,74,1
C1342,1,Maria,Griffin,1964-02-21,0,9,8,0,1,1,0,62,1
C1343,1,Megan,Turner,1995-03-13,0,2,36,0,5,0,0,31,2
C1344,1,Carl,Phillips,1974-05-24,1,9,14,0,1,0,0,52,1
C1345,1,Mary,Parker,1956-04-25,0,9,47,0,5,0,2,70,1
C1346,0,Triton,Co,1987-03-18,0,9,11,1,4,0,0,39,0
C1347,1,Mark,James,1956-02-13,1,9,53,0,2,0,1,70,1
C1348,1,Peter,Harris,1998-07-16,1,9,37,0,4,1,1,28,1
C1349,1,Joyce,Johnson,1982-02-14,0,9,50,1,3,0,2,44,0
C1350,1,Julia,King,1991-05-17,0,5,16,0,5,0,2,35,2
C1351,1,Judith,Long,1987-06-24,0,0,44,0,2,0,1,39,2
C1352,1,Benjamin,Gray,1989-03-16,1,9,8,0,2,1,0,37,1
C1353,1,Debra,Jackson,1997-10-15,0,2,0,0,1,0,0,29,2
C1354,1,Patrick,Johnson,1941-04-09,1,9,14,0,5,0,2,85,1
C1355,1,Shirley,Owens,1966-11-22,0,9,8,1,2,1,1,60,0
C1356,1,Jonathan,Morales,1994-03-26,1,9,37,1,4,0,0,32,0
C1357,1,Danielle,Patterson,1987-03-01,0,9,8,0,5,1,2,39,1
C1358,1,Gregory,Taylor,1943-01-05,1,9,47,0,4,0,0,83,1
C1359,1,Gary,Owens,1975-07-25,1,9,50,0,3,0,0,51,1
C1360,1,Billy,Nelson,1990-11-27,1,9,50,0,4,0,0,36,1
C1361,1,Ashley,Owens,1943-07-21,0,9,8,0,3,0,1,83,1
C1362,1,Laura,Jordan,1965-04-13,0,9,8,1,1,1,0,61,0
C1363,1,James,Stone,1981-06-04,1,9,15,0,5,1,0,45,1
C1364,1,Andrea,Watson,1998-12-23,0,9,8,1,1,0,2,28,0
C1365,1,Tiffany,Sanders,1969-03-16,0,1,7,1,5,1,2,57,2
C1366,1,George,Thompson,1995-07-27,1,9,8,0,1,0,2,31,1
C1367,1,Stephanie,Jordan,1953-01-11,0,5,4,0,2,0,1,73,2
C1368,1,Jose,Gray,1947-11-22,1,9,8,0,5,1,1,79,1
C1369,1,Peter,Garcia,1983-10-07,1,4,6,0,4,1,0,43,2
C1370,1,Frank,Evans,1965-06-04,1,9,11,1,1,0,0,61,0
C1371,1,Timothy,Thomas,1989-06-19,1,8,12,0,2,1,2,37,1
C1372,1,Lisa,Turner,1981-11-21,0,9,53,1,2,0,2,45,0
C1373,1,Melissa,Evans,1992-10-11,0,9,8,0,3,1,2,34,1
C1374,0,Quasar,Co,1990-01-25,1,4,18,0,3,1,0,36,2
C1375,1,Carolyn,Flores,1972-11-22,0,9,8,1,4,1,0,54,0
C1376,1,Carolyn,Edwards,1987-06-23,0,9,1,1,3,1,0,39,0
C1377,1,Laura,Long,1984-01-04,0,9,48,1,2,0,2,42,0
C1378,1,Maria,Morales,1976-11-19,0,9,8,1,1,0,2,50,0
C1379,1,Kevin,Gray,1970-06-11,1,8,43,0,2,0,2,56,1
C1380,1,Michael,Hughes,1949-10-15,1,2,0,1,4,0,2,77,2
C1381,1,Eric,Cox,1962-06-16,1,5,17,0,3,1,2,64,2
C1382,1,Adam,James,1951-05-19,1,9,37,0,2,0,2,75,1
C1383,1,Noah,Moore,1992-11-11,1,9,8,0,2,0,0,34,1
C1384,1,Mary,Young,1988-03-10,0,9,8,0,2,1,0,38,1
C1385,1,Kenneth,Owens,1946-06-01,1,9,8,0,1,0,0,80,1
C1386,1,Harold,Howard,1947-08-23,1,9,53,0,4,1,2,79,1
C1387,1,Jose,Reed,1943-05-27,1,5,16,1,4,0,2,83,0
C1388,1,Hannah,Stone,1999-04-20,0,9,53,0,3,0,2,27,1
C1389,1,Jordan,Montgomery,1952-07-03,1,8,43,0,2,0,2,74,1
C1390,1,Lauren,Thomas,1979-07-21,0,9,25,0,3,0,2,47,1
C1391,1,Barbara,Campbell,1974-03-06,0,9,48,0,1,0,2,52,1
C1392,1,Jose,Johnson,1990-06-05,1,9,11,0,4,1,0,36,1
C1393,1,Virginia,Miller,1981-07-09,0,6,2,1,1,0,0,45,0
C1394,1,Debra,Hansen,1977-02-26,0,9,25,0,4,0,2,49,1
C1395,1,Megan,Campbell,1988-09-27,0,2,0,1,4,0,2,38,2
C1396,1,Steven,Foster,1971-06-02,1,2,22,1,3,1,2,55,2
C1397,1,Linda,Chavez,1983-03-10,0,9,25,0,4,0,2,43,1
C1398,1,Alexander,Jones,1966-12-13,1,9,8,0,5,1,2,60,1
C1399,1,Lauren,Evans,1978-08-23,0,2,5,0,5,0,0,48,2
C1400,1,Maria,Jones,1991-10-24,0,8,31,0,4,0,1,35,1
C1401,1,Virginia,Brooks,1999-03-24,0,9,50,1,1,0,2,27,0
C1402,1,Helen,Jordan,1968-09-28,0,9,48,0,3,0,0,58,1
C1403,1,Pamela,Scott,1983-09-22,0,9,37,0,2,0,2,43,1
C1404,1,Sharon,Williams,1950-07-22,0,9,8,0,4,0,0,76,1
C1405,1,Ryan,Williams,1955-06-08,1,9,37,0,5,0,0,71,1
C1406,1,Sara,Wood,1970-09-01,0,9,8,0,3,0,2,56,1
C1407,1,Sharon,Hansen,1956-03-22,0,9,8,0,1,0,0,70,1
C1408,0,Grandis,Co,1963-11-13,0,9,8,0,2,0,0,63,0
C1409,1,Katherine,Price,1957-08-01,0,9,37,1,2,0,2,69,0
C1410,1,Jennifer,Edwards,1965-12-16,0,9,25,0,2,0,0,61,1
C1411,1,Anthony,Watson,1987-04-04,1,9,8,0,2,0,1,39,1
C1412,0,Optima,Co,1985-06-28,0,9,25,0,2,0,0,41,0
C1413,1,Margaret,Rogers,1968-09-18,0,9,8,0,4,0,0,58,1
C1414,1,Michelle,Wright,1975-05-01,0,9,14,0,4,0,2,51,1
C1415,1,Tyler,Murray,1959-07-14,1,9,8,1,1,0,2,67,0
C1416,1,Bryan,Peterson,1954-07-01,1,9,37,0,2,0,0,72,1
C1417,1,Dennis,Williams,1953-10-26,1,8,43,0,5,0,2,73,1
C1418,1,Kyle,Cox,1954-04-06,1,9,35,1,2,0,2,72,0
C1419,1,Jason,Peterson,1971-08-08,1,5,16,1,4,1,2,55,0
C1420,0,Terova,Co,1981-10-20,1,8,51,0,5,0,2,45,0
C1421,1,James,Jones,1957-11-14,1,9,11,0,1,0,2,69,1
C1422,1,Billy,Hansen,1955-01-15,1,9,14,1,1,1,2,71,0
C1423,1,Jack,Brooks,1955-09-21,1,8,31,0,4,1,2,71,1
C1424,1,Judy,Harris,1954-03-12,0,9,48,0,2,1,0,72,1
C1425,1,Raymond,Taylor,1971-12-16,1,1,13,0,3,0,2,55,2
C1426,1,Christina,Campbell,1964-05-20,0,9,53,0,2,0,2,62,1
C1427,1,Julia,Richardson,1955-05-10,0,0,49,0,5,0,2,71,2
C1428,1,Nicole,Allen,1953-12-05,0,9,37,0,4,1,0,73,1
C1429,1,Jesse,Stewart,1991-10-01,1,9,25,1,5,0,0,35,0
C1430,1,Patrick,Allen,1963-09-11,1,9,25,0,4,0,2,63,1
C1431,1,Melissa,Griffin,1943-07-01,0,5,17,0,3,1,2,83,2
C1432,1,Larry,Weaver,1951-12-26,1,9,48,0,3,0,0,75,1
C1433,1,Christian,Mitchell,1953-04-12,1,5,16,0,4,0,2,73,2
C1434,0,Terova,Co,1985-06-25,0,9,8,1,5,0,0,41,0
C1435,1,Zachary,Morales,1967-04-08,1,9,47,1,2,0,0,59,0
C1436,1,Kyle,Wright,1998-10-09,1,9,8,0,2,0,2,28,1
C1437,1,Gerald,Stewart,1997-04-08,1,9,1,1,5,0,0,29,0
C1438,1,Benjamin,Taylor,1988-08-04,1,9,8,0,2,1,0,38,1
C1439,1,Helen,Morales,2000-10-14,0,9,50,0,2,0,0,26,1
C1440,1,Mary,Phillips,1952-07-20,0,9,11,1,2,0,0,74,0
C1441,1,Helen,Campbell,1945-09-08,0,9,8,1,5,0,2,81,0
C1442,1,Timothy,Foster,2000-06-17,1,9,11,0,2,1,1,26,1
C1443,1,Betty,Hughes,1979-11-22,0,9,14,0,2,0,2,47,1
C1444,1,Frank,Alexander,1981-06-25,1,9,11,0,3,0,2,45,1
C1445,1,Gregory,Hall,1988-07-26,1,9,14,0,5,0,2,38,1
C1446,1,Amber,Gray,1951-12-09,0,9,35,0,4,0,2,75,1
C1447,1,Janet,Rogers,1972-05-14,0,9,25,1,4,1,1,54,0
C1448,1,Henry,Ward,1959-03-15,1,7,46,0,1,0,2,67,1
C1449,1,Nicole,Cox,1999-06-14,0,9,8,1,5,0,2,27,0
C1450,1,Pamela,White,1996-04-06,0,9,50,0,5,0,2,30,1
C1451,1,Hannah,Turner,1983-10-19,0,9,8,0,1,0,2,43,1
C1452,1,Kelly,Edwards,1993-08-05,0,1,52,0,3,0,1,33,2
C1453,1,Kenneth,Stone,1981-10-07,1,9,8,0,2,0,0,45,1
C1454,1,Ann,Kim,1948-05-23,0,9,8,1,1,0,1,78,0
C1455,1,Christina,Nelson,1989-06-15,0,9,11,0,3,1,0,37,1
C1456,0,Quasar,Co,1992-06-26,0,9,37,1,1,1,2,34,0
C1457,1,Julie,Foster,1949-01-27,0,9,8,0,3,1,0,77,1
C1458,1,Keith,Reed,1950-09-16,1,9,1,0,1,0,2,76,1
C1459,1,Terry,Hall,1949-09-28,1,9,1,0,5,0,2,77,1
C1460,1,Pamela,Long,1972-12-05,0,8,12,0,1,1,0,54,1
C1461,1,Gloria,Reyes,1944-01-13,0,9,8,0,5,0,2,82,1
C1462,1,Virginia,Allen,1984-04-19,0,5,16,1,3,0,0,42,0
C1463,1,Lawrence,Ward,1943-12-28,1,9,8,0,2,1,2,83,1
C1464,1,Terry,Weaver,1940-01-25,1,9,1,0,1,0,2,86,1
C1465,1,Edward,Stewart,1990-07-09,1,9,35,0,3,1,2,36,1
C1466,1,Ashley,Howard,1999-08-28,0,1,13,1,2,0,2,27,2
C1467,1,Rebecca,Adams,1951-07-19,0,9,8,0,5,0,1,75,1
C1468,1,Jason,Martin,1940-08-24,1,2,22,0,3,0,2,86,2
C1469,1,Keith,Richardson,1970-05-17,1,9,11,0,1,0,2,56,1
C1470,1,Alexander,Richardson,1940-05-27,1,9,11,1,3,1,0,86,0
C1471,1,Judith,Williams,1940-05-24,0,8,31,0,1,1,2,86,1
C1472,1,Paul,Flores,1991-03-23,1,9,53,0,1,0,2,35,1
C1473,1,Maria,Freeman,1974-03-14,0,9,8,0,2,0,0,52,1
C1474,1,Kevin,Brown,1969-04-10,1,9,37,0,3,0,2,57,1
C1475,1,Raymond,Brown,1944-08-02,1,6,19,0,4,1,0,82,1
C1476,1,Kevin,Jackson,2000-06-08,1,9,25,0,1,0,0,26,1
C1477,0,Zynex,Co,1968-04-10,0,9,8,1,1,0,0,58,0
C1478,1,Emily,Reed,1958-09-12,0,2,5,1,1,0,0,68,2
C1479,1,Paul,Carter,1968-03-26,1,9,8,1,1,0,2,58,0
C1480,1,Danielle,White,1985-04-09,0,9,50,1,3,0,1,41,0
C1481,0,Caldera,Co,1984-12-04,0,9,1,1,3,0,2,42,0
C1482,1,Kimberly,Murray,1953-01-24,0,9,37,0,2,1,2,73,1
C1483,1,Gary,Hall,1975-06-01,1,9,11,0,3,1,0,51,1
C1484,1,Christina,Nelson,1971-10-09,0,9,11,0,3,0,1,55,1
C1485,1,Rachel,Scott,1984-06-26,0,9,53,1,4,0,2,42,0
C1486,1,Madison,Campbell,1996-06-14,0,8,51,0,5,1,2,30,1
C1487,1,Sandra,Martin,1965-12-10,0,9,27,0,3,0,0,61,1
C1488,1,Keith,Scott,1975-09-07,1,9,14,1,2,0,2,51,0
C1489,1,Gloria,Montgomery,1951-03-19,0,9,1,0,5,0,0,75,1
C1490,1,Dennis,Hall,1994-11-06,1,8,51,1,5,1,1,32,0
C1491,1,Rebecca,Evans,1997-07-10,0,9,15,0,4,0,0,29,1
C1492,1,Mary,Taylor,1984-12-18,0,5,3,0,2,0,0,42,2
C1493,1,Thomas,Bennett,1992-03-16,1,9,53,0,4,1,0,34,1
C1494,1,Nicholas,Cooper,1996-04-09,1,9,27,0,1,0,1,30,1
C1495,1,Jason,Hughes,1991-11-09,1,3,9,0,1,0,2,35,2
C1496,1,Bryan,Patterson,1986-11-15,1,9,14,0,5,0,0,40,1
C1497,1,Samuel,Parker,1940-01-13,1,9,8,1,4,0,0,86,0
C1498,1,Nicole,Carter,1967-02-03,0,6,39,1,5,0,2,59,0
C1499,1,Lauren,Gray,1997-11-04,0,7,42,0,3,1,0,29,1
C1500,1,Shirley,Ward,1995-01-04,0,0,49,0,2,0,0,31,2
C1501,1,Brenda,White,1951-12-16,0,9,37,1,4,0,0,75,0
C1502,1,Elizabeth,Weaver,1994-10-27,0,8,51,0,5,1,2,32,1
C1503,0,Triton,Co,1986-08-21,1,9,1,1,5,0,2,40,0
C1504,1,Patrick,Hughes,1946-08-19,1,9,8,0,4,0,2,80,1
C1505,1,William,Cook,1994-05-14,1,9,50,0,3,0,0,32,1
C1506,1,Larry,Price,1950-01-11,1,9,48,1,3,0,2,76,0
C1507,1,Joyce,Cooper,1951-03-28,0,9,14,0,3,0,0,75,1
C1508,1,Benjamin,Morris,1994-12-03,1,8,43,0,3,0,0,32,1
C1509,1,Rebecca,Campbell,1946-12-16,0,9,8,0,3,0,2,80,1
C1510,0,Altira,Co,1962-12-01,1,9,8,0,5,0,0,64,0
C1511,1,Ann,Hansen,1989-07-20,0,4,38,0,2,1,2,37,2
C1512,1,Anna,Young,1955-06-18,0,9,25,0,4,1,1,71,1
C1513,1,Danielle,Morales,1995-06-08,0,9,14,0,2,0,2,31,1
C1514,1,Linda,Bryant,1986-12-08,0,9,27,0,4,0,2,40,1
C1515,1,Angela,Williams,1946-10-16,0,9,25,1,5,0,2,80,0
C1516,1,Grace,Wood,1953-05-23,0,9,47,0,4,0,2,73,1
C1517,1,Benjamin,Chavez,1978-02-23,1,9,8,1,2,0,0,48,0
C1518,1,Teresa,Rogers,1994-10-08,0,0,49,0,5,1,0,32,2
C1519,1,Kyle,Freeman,1972-08-19,1,9,8,0,1,0,0,54,1
C1520,1,Patrick,Griffin,1945-12-05,1,9,48,0,1,0,2,81,1
C1521,1,Bryan,Foster,1973-12-25,1,9,25,0,4,0,0,53,1
C1522,1,Debra,Mitchell,1964-09-14,0,9,53,0,5,0,2,62,1
C1523,0,Horizon,Co,1981-07-22,1,0,49,1,3,0,2,45,2
C1524,1,Jordan,Wilson,1967-07-24,1,9,50,0,2,0,1,59,1
C1525,1,Timothy,Brown,1959-08-24,1,9,8,0,1,0,0,67,1
C1526,1,Victoria,Howard,1956-08-05,0,9,8,0,3,0,2,70,1
C1527,1,Martha,Thomas,1989-05-13,0,9,8,0,1,0,0,37,1
C1528,1,Jennifer,Weaver,1997-09-02,0,5,16,0,1,1,2,29,2
C1529,0,Helios,Co,1989-04-19,1,9,8,0,4,0,2,37,0
C1530,1,Sarah,Wright,1988-11-20,0,9,8,0,2,0,2,38,1
C1531,1,Bryan,Cox,1964-03-15,1,4,6,1,2,0,2,62,2
C1532,1,Linda,Freeman,1998-09-26,0,9,47,0,3,1,2,28,1
C1533,1,Anthony,Bryant,1988-10-05,1,2,5,0,4,0,0,38,2
C1534,1,Sandra,Pierce,1996-06-08,0,9,8,0,4,1,2,30,1
C1535,1,Jeremy,Stone,1994-09-03,1,8,12,1,3,0,0,32,0
C1536,1,Sara,Baker,1982-06-05,0,9,53,0,3,0,2,44,1
C1537,1,Lisa,Foster,1999-08-04,0,9,1,0,5,0,2,27,1
C1538,1,Jessica,Kim,1947-01-07,0,9,8,1,5,0,2,79,0
C1539,1,Terry,Brown,1997-05-13,1,9,25,0,1,0,0,29,1
C1540,1,Roger,Cox,1957-12-02,1,9,8,0,2,1,1,69,1
C1541,1,Carl,Adams,1964-11-20,1,9,8,0,2,0,2,62,1
C1542,1,Gary,Cook,1989-07-27,1,9,25,0,1,1,2,37,1
C1543,1,Virginia,Peterson,1955-11-10,0,9,27,1,3,0,0,71,0
C1544,1,Heather,Evans,1947-04-27,0,7,46,0,3,0,2,79,1
C1545,1,Elizabeth,Price,1992-11-23,0,9,8,1,1,1,2,34,0
C1546,1,Sarah,Scott,1966-06-06,0,6,39,0,4,1,0,60,1
C1547,1,Margaret,Martin,1975-04-03,0,9,14,0,2,1,0,51,1
C1548,0,Telnox,Co,1967-12-26,1,9,8,0,2,1,2,59,0
C1549,1,Gary,Reyes,1961-06-15,1,6,33,0,4,0,1,65,1
C1550,1,Jason,Rogers,1998-10-01,1,9,8,0,2,0,0,28,1
C1551,1,Aaron,Howard,1991-05-17,1,9,8,0,2,0,0,35,1
C1552,1,Peter,Wilson,1947-04-20,1,9,8,1,2,1,0,79,0
C1553,0,Horizon,Co,1990-03-27,1,9,48,0,4,0,0,36,0
C1554,1,Gregory,Cox,1998-03-04,1,5,3,0,1,0,2,28,2
C1555,1,Julia,Martin,1946-04-25,0,8,12,0,5,0,2,80,1
C1556,1,Grace,Wood,1982-11-20,0,9,11,1,2,0,0,44,0
C1557,1,Joan,Griffin,1942-03-15,0,9,27,0,2,1,2,84,1
C1558,1,Tyler,Phillips,1944-03-12,1,6,2,0,4,0,2,82,1
C1559,1,Sara,Mitchell,1975-03-27,0,8,12,0,2,0,2,51,1
C1560,1,Christina,Hughes,1940-07-15,0,9,8,0,4,1,1,86,1
C1561,1,Jeffrey,Green,1964-04-28,1,6,33,1,5,0,0,62,0
C1562,1,Maria,Morris,1987-07-05,0,9,8,0,4,0,1,39,1
C1563,1,Susan,Baker,1987-06-18,0,9,48,0,5,0,2,39,1
C1564,1,Jason,Wood,1964-11-06,1,9,53,1,5,0,2,62,0
C1565,1,Kenneth,Bennett,1980-08-08,1,6,19,0,4,0,0,46,1
C1566,1,Anthony,Wilson,1995-01-01,1,9,8,0,3,0,2,31,1
C1567,1,Frank,Wilson,1977-10-11,1,9,15,0,4,0,1,49,1
C1568,1,Betty,Owens,1990-03-06,0,9,8,0,5,0,2,36,1
C1569,1,Pamela,Turner,1993-11-05,0,9,8,1,1,1,2,33,0
C1570,1,Amanda,Williams,1963-12-27,0,9,35,0,5,0,2,63,1
C1571,1,Ethan,Morales,1978-06-03,1,9,8,0,2,0,2,48,1
C1572,1,Donald,Baker,1960-06-10,1,0,41,0,3,0,0,66,2
C1573,1,Amanda,Richardson,1946-05-07,0,9,8,0,1,0,2,80,1
C1574,1,Gary,Morris,1984-08-14,1,9,8,0,4,0,2,42,1
C1575,1,Paul,Freeman,2000-12-19,1,9,8,0,2,0,2,26,1
C1576,1,Heather,Cook,1977-09-28,0,9,25,1,3,1,2,49,0
C1577,1,Ethan,Edwards,1983-02-15,1,5,3,0,3,0,2,43,2
C1578,1,Mark,Turner,1996-03-12,1,9,8,1,2,0,2,30,0
C1579,1,Robert,Bell,1945-10-03,1,9,1,1,4,0,2,81,0
C1580,1,Jordan,Martin,1997-12-05,1,9,15,1,1,1,2,29,0
C1581,1,James,Reyes,1950-11-08,1,9,8,1,1,0,2,76,0
C1582,1,Harold,Baker,1955-08-20,1,4,18,0,4,1,1,71,2
C1583,1,Peter,Scott,1968-01-03,1,9,8,0,2,0,0,58,1
C1584,0,Nexus,Co,1985-08-12,1,4,6,1,1,1,2,41,0
C1585,1,Kevin,Watson,1960-10-10,1,2,36,0,5,0,2,66,2
C1586,1,Carolyn,Roberts,1967-01-21,0,5,4,0,3,0,2,59,2
C1587,1,Carl,Cooper,1943-12-02,1,2,40,1,4,1,0,83,2
C1588,1,Patricia,Thomas,1980-10-25,0,9,48,1,5,0,2,46,0
C1589,1,Christina,Ward,1953-08-12,0,9,8,1,4,0,0,73,0
C1590,0,Elara,Co,1979-06-19,0,9,37,0,1,0,2,47,0
C1591,1,Christine,Brooks,1971-08-15,0,9,8,1,4,0,2,55,0
C1592,1,Heather,Allen,1975-06-01,0,9,47,1,2,1,0,51,0
C1593,1,Anthony,Williams,1975-08-05,1,9,8,0,1,0,2,51,1
C1594,1,Kathleen,Green,1969-10-24,0,9,11,0,2,0,0,57,1
C1595,1,Charles,Reed,1955-08-20,1,9,8,0,5,0,2,71,1
C1596,1,Frank,Hall,1979-11-10,1,5,4,1,4,0,2,47,0
C1597,1,Rachel,Cox,1949-12-28,0,9,25,1,4,1,2,77,0
C1598,1,Angela,Adams,1940-06-23,0,9,15,0,4,1,0,86,1
C1599,1,Stephanie,Thompson,1980-11-19,0,9,50,1,5,1,2,46,0
C1600,1,Jennifer,Rogers,1968-02-13,0,1,52,0,5,0,2,58,2
C1601,1,Tiffany,Parker,1996-08-13,0,7,21,0,3,0,2,30,1
C1602,1,Harold,Turner,1986-11-01,1,9,25,1,4,0,2,40,0
C1603,1,Hannah,Rogers,1962-09-07,0,8,12,0,5,0,2,64,1
C1604,1,Ronald,Kim,1949-09-10,1,9,47,0,4,0,2,77,1
C1605,1,Joshua,Collins,1999-01-21,1,8,12,1,4,1,2,27,0
C1606,1,Zachary,Howard,1965-03-20,1,9,53,0,1,1,0,61,1
C1607,1,Emma,Hall,1963-03-11,0,9,8,0,3,0,0,63,1
C1608,1,Heather,Pierce,1999-11-14,0,8,12,0,4,1,2,27,1
C1609,1,Justin,Reed,1964-10-02,1,9,8,1,2,0,2,62,0
C1610,1,Kenneth,White,1967-03-23,1,9,8,1,3,0,2,59,0
C1611,1,Sarah,Bryant,1975-09-02,0,9,25,1,4,0,2,51,0
C1612,1,Jason,Price,1990-02-25,1,9,8,0,1,0,0,36,1
C1613,1,Ryan,Griffin,1998-01-08,1,3,45,0,2,1,0,28,2
C1614,1,Julie,Williams,1968-05-16,0,9,48,1,4,0,2,58,0
C1615,1,Jason,Mitchell,1963-08-01,1,9,48,0,5,0,0,63,1
C1616,1,Aaron,Nelson,1991-09-01,1,8,51,1,5,1,2,35,0
C1617,1,Michelle,Baker,1952-10-09,0,9,8,0,3,0,2,74,1
C1618,1,Linda,Price,1962-11-22,0,9,53,0,2,1,2,64,1
C1619,1,Jason,Baker,1952-10-24,1,1,52,0,2,0,2,74,2
C1620,1,Jacob,Morales,1944-05-07,1,9,8,0,1,1,2,82,1
C1621,1,Carl,Wood,1954-06-15,1,9,37,1,2,0,0,72,0
C1622,1,Angela,Taylor,1961-02-01,0,9,37,0,1,1,2,65,1
C1623,1,Julia,Hall,1994-01-12,0,9,37,0,4,0,2,32,1
C1624,1,Jennifer,Stewart,1951-01-04,0,9,8,0,4,1,2,75,1
C1625,1,Harold,Wright,2000-02-03,1,0,54,0,4,0,0,26,2
C1626,1,Jennifer,Morales,1970-02-24,0,4,38,0,2,1,2,56,2
C1627,1,David,Bryant,1973-08-14,1,9,8,1,1,0,2,53,0
C1628,0,Lumina,Co,1993-10-13,0,4,28,0,4,1,2,33,2
C1629,1,Stephanie,Roberts,1956-08-26,0,9,48,0,5,0,0,70,1
C1630,0,Grandis,Co,1994-05-06,0,9,50,1,1,1,2,32,0
C1631,1,Joan,Patterson,1966-03-12,0,8,31,0,5,0,2,60,1
C1632,1,Victoria,Wright,1963-07-12,0,9,8,1,3,1,0,63,0
C1633,1,Sara,Bennett,1977-07-03,0,2,36,0,2,0,2,49,2
C1634,1,Sara,King,1944-01-11,0,9,15,1,2,0,2,82,0
C1635,1,Lawrence,Moore,1948-04-27,1,4,6,0,1,0,2,78,2
C1636,0,Zynex,Co,1987-01-10,0,9,1,0,5,1,2,39,0
C1637,1,Jacob,Cook,1969-02-11,1,6,33,0,5,0,0,57,1
C1638,1,Cynthia,Peterson,1978-12-14,0,4,34,1,1,1,0,48,2
C1639,1,Ronald,Smith,1943-09-26,1,9,11,0,1,0,2,83,1
C1640,1,Helen,Adams,1966-11-04,0,9,8,0,1,1,2,60,1
C1641,1,Charles,Phillips,1972-02-14,1,9,48,0,1,0,0,54,1
C1642,1,Maria,Adams,1981-07-20,0,2,5,0,5,0,2,45,2
C1643,1,Carl,Rogers,1978-01-09,1,4,18,0,4,0,0,48,2
C1644,1,Megan,Freeman,1944-06-22,0,9,8,0,1,0,1,82,1
C1645,1,Shirley,Chavez,1995-02-08,0,0,26,1,1,0,2,31,2
C1646,1,Billy,Patterson,1998-06-10,1,9,53,1,4,1,0,28,0
C1647,1,Paul,Stone,1945-11-25,1,9,35,0,4,1,0,81,1
C1648,1,Julia,Wood,1949-09-21,0,0,26,0,3,0,2,77,2
C1649,1,Melissa,Price,1982-03-02,0,9,37,0,4,1,0,44,1
C1650,1,Edward,Griffin,1969-04-01,1,9,53,1,2,0,2,57,0
C1651,1,Ryan,Bell,1945-11-19,1,9,8,1,4,0,2,81,0
C1652,1,Paul,Weaver,1964-01-15,1,9,25,1,4,1,1,62,0
C1653,1,Sara,White,1974-08-02,0,9,11,1,4,1,2,52,0
C1654,1,Judith,Brooks,1968-04-05,0,9,8,0,1,0,2,58,1
C1655,1,Sara,Cox,1965-05-16,0,9,47,1,2,0,2,61,0
C1656,1,Jacob,Baker,1991-05-05,1,1,52,1,4,1,2,35,2
C1657,1,Donald,Kim,1958-05-19,1,9,8,0,2,0,2,68,1
C1658,1,Ronald,Patterson,1970-08-07,1,9,8,0,5,0,0,56,1
C1659,1,Joshua,Thompson,1946-09-05,1,3,56,0,4,0,2,80,2
C1660,1,Henry,Richardson,1940-04-27,1,9,25,0,4,1,2,86,1
C1661,1,Ronald,Cox,1975-08-20,1,9,53,0,4,0,0,51,1
C1662,1,Gary,Montgomery,1967-05-16,1,7,46,0,4,0,2,59,1
C1663,1,Joshua,Garcia,1977-05-13,1,9,11,1,3,0,0,49,0
C1664,1,Judith,Hayes,1969-07-25,0,4,34,1,5,0,0,57,2
C1665,1,Harold,Bell,1995-12-16,1,9,1,0,5,0,2,31,1
C1666,1,Brenda,Edwards,1962-09-08,0,9,35,0,2,0,2,64,1
C1667,1,Stephanie,Cook,1967-11-14,0,9,8,1,4,0,0,59,0
C1668,1,Scott,Green,1957-11-12,1,0,49,0,5,0,2,69,2
C1669,1,Steven,Collins,1960-04-07,1,2,0,1,3,1,0,66,2
C1670,1,Angela,Watson,1970-12-09,0,9,11,0,3,1,2,56,1
C1671,1,Ashley,Howard,1948-09-13,0,9,8,0,3,0,0,78,1
C1672,1,Jacqueline,Morales,1974-04-09,0,9,25,1,4,0,2,52,0
C1673,1,Katherine,Martin,1992-03-04,0,9,53,0,1,1,2,34,1
C1674,1,Emily,Jackson,1941-12-22,0,9,8,0,5,1,2,85,1
C1675,1,Emma,Reyes,1985-04-08,0,2,0,1,5,0,2,41,2
C1676,1,Amy,Allen,1999-09-19,0,9,53,0,2,0,2,27,1
C1677,1,Kevin,Thomas,1964-12-20,1,9,47,0,1,1,2,62,1
C1678,1,Gary,Sanders,1961-03-06,1,9,8,0,1,1,0,65,1
C1679,1,Christina,Nelson,1986-02-28,0,9,25,1,4,0,2,40,0
C1680,1,Danielle,Howard,1999-09-25,0,9,8,1,4,0,0,27,0
C1681,1,Carl,Alexander,1961-07-27,1,9,37,0,3,1,1,65,1
C1682,1,Amanda,Brooks,1987-04-11,0,9,25,0,2,0,2,39,1
C1683,1,Amber,Patterson,1999-11-19,0,9,37,1,1,0,1,27,0
C1684,1,Grace,Cooper,1977-07-01,0,9,11,1,4,0,2,49,0
C1685,1,Kathleen,Parker,1977-05-16,0,9,8,0,5,0,0,49,1
C1686,1,David,Howard,1977-01-25,1,9,8,1,2,1,0,49,0
C1687,1,Eric,Anderson,1967-05-15,1,9,8,0,4,1,2,59,1
C1688,1,Amanda,Flores,1996-04-28,0,9,37,0,5,0,1,30,1
C1689,1,Virginia,King,1985-01-26,0,9,37,1,1,1,1,41,0
C1690,1,Terry,Martin,1951-08-18,1,3,29,0,2,1,0,75,2
C1691,1,Robert,Reed,1946-03-25,1,9,1,0,5,0,2,80,1
C1692,1,Joseph,Patterson,1991-03-08,1,2,36,0,5,1,0,35,2
C1693,1,Donald,Turner,1990-11-20,1,1,13,0,1,0,2,36,2
C1694,1,Gloria,Foster,1957-07-18,0,9,50,0,5,0,0,69,1
C1695,1,Tiffany,Peterson,1955-12-13,0,1,13,0,5,0,2,71,2
C1696,1,Emily,Jones,1987-02-20,0,9,14,0,1,0,2,39,1
C1697,1,Maria,Brown,1980-08-07,0,1,7,0,2,0,1,46,2
C1698,1,Zachary,Stone,1950-12-05,1,8,31,0,4,1,2,76,1
C1699,1,Peter,Phillips,1969-07-15,1,0,54,0,3,1,0,57,2
C1700,1,Nicholas,Young,1943-11-04,1,9,25,0,3,0,2,83,1
C1701,1,Karen,Montgomery,1982-06-27,0,9,1,0,1,0,2,44,1
C1702,1,Frank,Alexander,1990-01-04,1,9,53,1,5,1,2,36,0
C1703,1,Gerald,Cox,1999-08-13,1,9,47,1,4,0,0,27,0
C1704,1,Susan,Flores,1963-02-15,0,3,9,0,4,0,0,63,2
C1705,1,Kenneth,Howard,1979-11-23,1,9,50,1,3,1,2,47,0
C1706,1,Matthew,Jordan,1976-05-13,1,9,8,0,3,1,2,50,1
C1707,1,Adam,Allen,1973-09-19,1,9,15,0,1,1,2,53,1
C1708,1,Andrea,Wilson,1986-08-06,0,5,17,0,1,1,0,40,2
C1709,1,Danielle,Cox,1946-08-09,0,9,1,1,3,0,0,80,0
C1710,1,Joe,Flores,1957-05-26,1,2,0,1,2,1,2,69,2
C1711,1,Debra,Hayes,1981-08-24,0,9,8,1,3,1,2,45,0
C1712,1,Ryan,Turner,1971-03-04,1,4,34,0,5,0,2,55,2
C1713,1,Julia,Cook,1981-02-08,0,9,37,0,1,0,2,45,1
C1714,1,Nathan,Brooks,1948-07-05,1,9,11,0,3,0,2,78,1
C1715,1,Hannah,Watson,1963-04-13,0,9,14,0,3,1,0,63,1
C1716,1,Michelle,Montgomery,1980-10-13,0,9,8,0,1,0,2,46,1
C1717,1,Martha,Thomas,1941-12-21,0,9,8,0,4,1,2,85,1
C1718,1,Janet,Peterson,1995-01-06,0,9,8,0,1,0,2,31,1
C1719,0,Halcyon,Co,1960-05-10,1,9,14,0,2,0,0,66,0
C1720,1,Danielle,Kim,1996-10-10,0,9,8,0,5,1,2,30,1
C1721,1,Carl,Weaver,1986-12-10,1,9,25,0,2,0,0,40,1
C1722,1,Jacqueline,Morris,1982-11-23,0,9,25,0,3,0,2,44,1
C1723,1,Carol,Allen,1998-02-02,0,2,40,0,2,1,0,28,2
C1724,1,Justin,Cook,1956-06-19,1,9,50,0,4,0,2,70,1
C1725,1,Sharon,Patterson,1959-01-12,0,9,25,0,3,1,2,67,1
C1726,1,Diane,Scott,1948-08-15,0,8,31,0,3,0,2,78,1
C1727,1,Katherine,Morales,1945-12-06,0,9,27,0,3,0,2,81,1
C1728,1,Kimberly,Garcia,1944-03-08,0,9,37,0,3,1,1,82,1
C1729,1,Robert,Richardson,1955-06-26,1,2,5,0,3,1,2,71,2
C1730,1,Jeffrey,Young,1979-11-22,1,6,39,1,5,1,0,47,0
C1731,1,Nathan,Garcia,1971-12-19,1,9,8,0,4,1,2,55,1
C1732,1,Megan,Wilson,1970-07-15,0,2,0,1,2,0,0,56,2
C1733,1,Helen,Jones,1948-04-22,0,9,8,0,3,1,0,78,1
C1734,1,Zachary,Roberts,1975-01-14,1,9,8,0,5,0,2,51,1
C1735,1,Amber,Miller,1969-10-07,0,9,48,1,3,0,2,57,0
C1736,1,Ann,Cook,1989-09-21,0,9,8,1,4,1,2,37,0
C1737,1,Jennifer,Jackson,1992-12-24,0,9,8,1,3,0,2,34,0
C1738,1,Sharon,Hall,1977-02-25,0,9,8,0,5,0,2,49,1
C1739,1,Steven,Smith,1985-02-25,1,7,32,1,3,1,2,41,0
C1740,1,Ashley,Alexander,1951-09-15,0,9,8,0,5,1,2,75,1
C1741,1,Alexander,Wright,1976-04-18,1,9,50,0,5,0,2,50,1
C1742,0,Crestwood,Co,1988-08-14,0,9,8,0,5,0,0,38,0
C1743,1,Linda,Bell,1946-07-26,0,1,13,0,1,0,1,80,2
C1744,1,Brian,Green,1961-11-16,1,7,21,1,1,0,2,65,0
C1745,1,Ann,Sanders,1976-06-21,0,9,8,0,1,0,2,50,1
C1746,1,Jennifer,Cox,1959-06-14,0,1,13,0,3,0,2,67,2
C1747,1,Bryan,Flores,1965-02-19,1,9,11,0,5,0,1,61,1
C1748,1,Albert,Jones,1950-11-11,1,9,8,0,4,1,2,76,1
C1749,1,Brandon,Moore,1956-05-27,1,9,8,0,3,0,2,70,1
C1750,0,Stratos,Co,1991-01-12,1,9,11,0,3,0,2,35,0
C1751,1,Christine,Scott,1955-02-28,0,9,35,0,5,0,2,71,1
C1752,1,Jonathan,Cook,1980-02-06,1,9,8,1,1,1,2,46,0
C1753,1,Arthur,Peterson,1945-12-18,1,9,15,1,3,1,2,81,0
C1754,1,Frank,Gray,1995-11-11,1,9,50,0,2,1,2,31,1
C1755,1,Mark,Griffin,1998-08-26,1,9,25,0,1,1,2,28,1
C1756,1,Daniel,Cook,1990-03-21,1,9,48,0,1,0,2,36,1
C1757,1,Brian,Hayes,1985-07-01,1,5,3,0,3,0,1,41,2
C1758,1,Carl,Pierce,1985-01-14,1,9,37,1,4,1,0,41,0
C1759,1,Jose,Stone,1974-10-10,1,9,8,1,1,0,2,52,0
C1760,1,Mary,Harris,1975-10-07,0,1,7,0,2,0,2,51,2
C1761,1,Nicholas,Thompson,1955-01-08,1,9,53,0,1,0,2,71,1
C1762,1,Larry,Harris,1964-01-21,1,9,50,0,1,0,2,62,1
C1763,1,Kimberly,Young,1954-11-26,0,9,27,0,3,0,2,72,1
C1764,1,Kelly,Baker,1946-11-05,0,9,25,0,2,0,0,80,1
C1765,1,Pamela,Reyes,1997-05-01,0,9,11,0,1,1,1,29,1
C1766,1,Sharon,Bennett,1993-05-05,0,9,8,0,4,0,2,33,1
C1767,1,Joe,Sanders,1978-05-21,1,9,11,0,3,0,2,48,1
C1768,1,Cynthia,Hughes,1943-03-01,0,7,42,0,4,0,2,83,1
C1769,0,Forsyte,Co,1985-10-22,1,9,37,0,1,1,1,41,0
C1770,1,Betty,Parker,1945-11-17,0,9,53,0,1,1,0,81,1
C1771,0,Atlas,Co,1975-06-22,1,9,15,0,3,1,1,51,0
C1772,0,Forsyte,Co,1975-01-13,0,2,0,1,5,1,0,51,2
C1773,1,Kenneth,Williams,1980-12-25,1,9,25,1,3,1,0,46,0
C1774,1,Frank,James,1984-12-26,1,9,37,0,4,0,0,42,1
C1775,1,Betty,Howard,1970-10-07,0,9,8,0,3,0,0,56,1
C1776,1,Martha,Mitchell,1973-09-01,0,4,34,0,1,0,2,53,2
C1777,1,Jason,Long,1974-09-24,1,9,8,1,5,0,1,52,0
C1778,1,Jeffrey,Cox,1994-01-09,1,9,15,1,4,1,2,32,0
C1779,1,Sharon,Thomas,1979-04-20,0,9,8,0,5,0,1,47,1
C1780,1,Richard,Patterson,1956-05-18,1,9,48,1,1,0,2,70,0
C1781,1,Betty,Thomas,1968-10-08,0,9,8,0,4,0,2,58,1
C1782,1,Ann,King,1999-12-04,0,8,12,1,1,0,2,27,0
C1783,1,Jacob,Garcia,1954-03-07,1,9,8,0,3,0,2,72,1
C1784,1,Albert,Moore,1998-02-24,1,0,54,0,3,0,1,28,2
C1785,1,Lauren,Allen,1956-02-27,0,9,11,0,1,1,2,70,1
C1786,1,Adam,White,1995-03-07,1,9,8,0,1,0,2,31,1
C1787,1,Stephen,Flores,1955-09-22,1,9,15,1,5,0,0,71,0
C1788,1,Zachary,James,1989-10-27,1,9,8,0,3,0,2,37,1
C1789,1,Edward,Brooks,1982-07-25,1,9,11,0,5,1,0,44,1
C1790,1,Jacob,Hansen,1940-02-18,1,9,25,1,5,0,1,86,0
C1791,1,Gerald,Scott,1966-04-26,1,9,8,0,5,0,0,60,1
C1792,1,Terry,Pierce,1995-06-17,1,9,8,0,3,0,0,31,1
C1793,1,Richard,James,1969-04-05,1,9,48,1,1,0,2,57,0
C1794,1,Douglas,Chavez,1995-12-25,1,9,11,0,3,0,2,31,1
C1795,1,William,Brown,1945-12-01,1,9,8,0,5,1,2,81,1
C1796,1,Betty,Hughes,1950-09-21,0,9,8,1,5,1,1,76,0
C1797,1,Katherine,Howard,1957-02-26,0,9,37,0,3,1,2,69,1
C1798,1,Bryan,Peterson,1966-08-10,1,9,1,1,1,1,2,60,0
C1799,1,Cheryl,Freeman,1950-01-11,0,9,11,0,5,0,0,76,1
C1800,1,James,Campbell,1944-04-13,1,9,37,0,1,0,1,82,1
C1801,1,Jose,Howard,1964-02-08,1,9,8,0,5,1,2,62,1
C1802,1,Jack,Morris,1948-03-26,1,9,25,1,1,0,1,78,0
C1803,1,Susan,Bennett,1987-04-14,0,2,40,1,5,0,0,39,2
C1804,1,Albert,Kim,1989-03-03,1,9,8,0,1,0,2,37,1
C1805,1,Austin,Kim,1953-01-09,1,8,31,1,3,0,2,73,0
C1806,1,Martha,Turner,1967-04-13,0,0,26,1,2,0,0,59,2
C1807,1,Angela,Allen,1957-02-05,0,4,6,0,5,0,2,69,2
C1808,1,Victoria,Stewart,1990-01-08,0,9,53,1,2,0,1,36,0
C1809,1,Laura,White,1981-05-03,0,9,27,0,4,1,0,45,1
C1810,1,Maria,Collins,1945-01-06,0,9,47,0,3,0,0,81,1
C1811,1,Stephanie,Williams,1958-02-16,0,9,8,0,3,1,0,68,1
C1812,1,Ryan,White,1977-04-18,1,4,38,0,5,1,2,49,2
C1813,1,Walter,Jordan,1947-12-02,1,5,16,1,3,1,2,79,0
C1814,1,Scott,Roberts,1987-04-07,1,3,29,0,2,0,2,39,2
C1815,1,Aaron,Carter,1949-03-26,1,9,8,0,5,0,0,77,1
C1816,1,Sean,Miller,1962-04-08,1,2,40,0,2,0,2,64,2
C1817,1,Cynthia,Garcia,1944-07-28,0,9,50,0,1,0,0,82,1
C1818,1,Christine,Wood,1994-08-17,0,9,53,1,5,1,2,32,0
C1819,1,William,Brown,1963-02-11,1,7,21,0,1,0,2,63,1
C1820,1,Nicholas,Howard,1979-08-21,1,4,38,0,3,0,2,47,2
C1821,1,Adam,Smith,1944-10-22,1,9,25,0,5,0,2,82,1
C1822,1,Frank,Weaver,1996-02-28,1,9,37,1,5,1,2,30,0
C1823,1,Jacob,Watson,1967-08-11,1,9,37,0,4,1,2,59,1
C1824,1,Jeffrey,Weaver,1962-09-05,1,9,8,0,3,0,2,64,1
C1825,1,Eric,Jones,1956-12-28,1,6,33,0,2,0,0,70,1
C1826,1,Jack,Williams,1951-06-08,1,9,35,0,4,0,1,75,1
C1827,1,Donald,Thompson,1973-01-02,1,9,27,0,5,1,2,53,1
C1828,1,William,Wood,1991-11-15,1,9,8,1,2,1,2,35,0
C1829,1,Rachel,Ward,1997-07-17,0,9,8,0,5,1,0,29,1
C1830,1,Virginia,Owens,1959-03-20,0,9,1,0,3,0,2,67,1
C1831,1,Janice,Smith,1950-09-15,0,7,46,0,3,0,2,76,1
C1832,1,Henry,Garcia,1987-04-21,1,9,37,1,1,1,2,39,0
C1833,1,Jennifer,Weaver,1948-01-17,0,9,1,1,1,1,2,78,0
C1834,1,Zachary,Phillips,1963-03-13,1,1,13,1,5,0,0,63,2
C1835,1,Nicole,Pierce,1959-10-25,0,2,0,1,4,1,0,67,2
C1836,1,Judy,Wood,1960-10-08,0,9,8,1,1,1,2,66,0
C1837,1,Julia,Freeman,1950-04-06,0,9,8,0,2,1,1,76,1
C1838,1,Joyce,Morales,1965-01-14,0,2,0,1,1,0,0,61,2
C1839,1,Kyle,Gray,1943-01-21,1,9,8,1,2,0,0,83,0
C1840,1,Gerald,Weaver,1986-06-22,1,8,12,1,3,0,2,40,0
C1841,1,Austin,Williams,1947-05-27,1,9,27,0,4,0,2,79,1
C1842,0,Rexon,Co,1978-10-08,1,2,0,0,3,1,0,48,2
C1843,1,Jose,Stone,1952-06-18,1,5,17,0,4,0,2,74,2
C1844,1,Grace,Howard,1978-07-21,0,9,35,0,1,0,0,48,1
C1845,1,Joshua,Green,1949-09-11,1,9,8,1,1,1,2,77,0
C1846,1,Sara,Allen,1985-10-26,0,7,32,0,5,1,0,41,1
C1847,1,Brian,Griffin,1952-04-01,1,9,48,0,4,0,2,74,1
C1848,1,Sarah,Davis,1993-07-17,0,9,8,0,2,0,2,33,1
C1849,1,Joseph,Wilson,1976-09-02,1,2,0,1,3,1,2,50,2
C1850,1,Gregory,Miller,1971-07-25,1,9,27,1,5,1,0,55,0
C1851,1,Kimberly,Miller,1954-06-08,0,8,12,0,3,1,0,72,1
C1852,1,Julie,Hall,1997-12-15,0,9,50,0,4,0,2,29,1
C1853,1,Jennifer,Owens,1949-02-24,0,9,50,1,4,0,2,77,0
C1854,0,Rexon,Co,1960-03-23,1,4,18,1,1,0,1,66,0
C1855,1,Gloria,Hansen,1984-02-07,0,9,8,0,2,1,2,42,1
C1856,0,Altira,Co,1994-05-24,1,9,50,0,2,0,2,32,0
C1857,1,Walter,Johnson,1987-03-22,1,9,8,1,2,1,2,39,0
C1858,1,Amy,Hayes,1958-06-05,0,9,11,0,5,0,2,68,1
C1859,1,Zachary,Taylor,1943-11-18,1,9,8,0,5,1,1,83,1
C1860,0,Caldera,Co,1970-07-17,0,9,8,0,4,1,0,56,0
C1861,1,Nathan,Evans,1982-01-08,1,9,8,1,3,1,2,44,0
C1862,1,Joshua,Long,1953-08-22,1,9,8,0,1,1,2,73,1
C1863,1,Megan,Hansen,1948-03-04,0,8,43,0,3,0,2,78,1
C1864,1,Hannah,Weaver,1972-04-25,0,9,27,0,5,1,2,54,1
C1865,1,Sean,Rogers,1974-01-11,1,9,1,1,4,0,2,52,0
C1866,1,Joyce,Martin,1971-08-23,0,9,25,0,2,0,0,55,1
C1867,1,Robert,Richardson,1952-01-13,1,9,8,0,2,1,2,74,1
C1868,1,Michelle,Thomas,1975-11-28,0,8,51,0,1,0,2,51,1
C1869,1,Margaret,Campbell,1975-10-05,0,6,33,0,5,0,1,51,1
C1870,1,Lawrence,Moore,1980-10-13,1,9,53,1,1,0,0,46,0
C1871,1,Amy,Reyes,1961-10-18,0,9,47,0,1,1,2,65,1
C1872,1,Raymond,Jones,1940-10-23,1,6,23,0,5,0,1,86,1
C1873,1,Cheryl,Collins,1959-03-10,0,2,5,0,5,0,0,67,2
C1874,1,Justin,Cooper,1972-11-18,1,9,11,1,1,0,0,54,0
C1875,1,Melissa,Roberts,1943-09-13,0,9,25,0,2,0,1,83,1
C1876,0,Bravada,Co,1981-03-17,1,9,35,1,4,1,2,45,0
C1877,1,Walter,Bryant,1961-09-16,1,9,1,0,5,0,0,65,1
C1878,1,Paul,Rogers,1967-10-07,1,9,53,0,5,0,0,59,1
C1879,1,Deborah,Roberts,1977-01-23,0,9,27,0,3,0,2,49,1
C1880,1,Joan,Morales,1998-01-22,0,9,8,0,5,1,1,28,1
C1881,1,Brenda,Phillips,1989-09-13,0,9,37,0,2,1,2,37,1
C1882,1,Deborah,Turner,1960-03-22,0,9,50,1,3,0,2,66,0
C1883,1,Sean,Peterson,1941-02-11,1,9,8,0,1,0,0,85,1
C1884,1,Terry,Bell,1954-08-06,1,9,25,0,5,1,2,72,1
C1885,1,Ryan,Bell,1967-10-26,1,5,16,0,1,1,0,59,2
C1886,1,Maria,Richardson,1999-11-16,0,9,8,0,5,0,2,27,1
C1887,1,Emma,Campbell,1986-01-07,0,9,37,1,1,0,0,40,0
C1888,1,Donald,Griffin,1962-08-06,1,9,8,0,3,0,2,64,1
C1889,1,Matthew,Richardson,1987-07-10,1,9,8,0,4,1,2,39,1
C1890,1,Mark,Nelson,1954-03-12,1,2,36,0,4,0,1,72,2
C1891,1,Gary,James,1972-06-02,1,9,37,0,2,0,0,54,1
C1892,1,Nancy,Jones,1951-06-06,0,9,25,1,5,1,0,75,0
C1893,1,Ann,Davis,1962-12-27,0,9,53,0,1,1,2,64,1
C1894,1,Joyce,Hall,1944-03-11,0,9,47,1,4,0,2,82,0
C1895,0,Caldera,Co,1969-01-07,1,9,25,1,4,0,0,57,0
C1896,1,Andrew,Bryant,1955-06-17,1,9,50,1,3,0,0,71,0
C1897,1,Catherine,Rogers,1950-12-27,0,2,36,0,2,0,2,76,2
C1898,1,Daniel,James,1979-01-05,1,9,27,0,1,1,2,47,1
C1899,1,Joe,Mitchell,1996-04-05,1,8,12,0,3,0,2,30,1
C1900,1,Rachel,Griffin,1998-09-07,0,8,12,1,4,0,1,28,0
C1901,1,Justin,Stewart,1982-09-17,1,2,5,0,4,0,0,44,2
C1902,0,Grandis,Co,1980-11-09,1,9,11,1,2,0,0,46,0
C1903,1,Nicole,Bennett,1991-12-01,0,9,25,0,2,0,2,35,1
C1904,1,Christian,Nelson,1949-03-23,1,9,47,0,2,1,2,77,1
C1905,1,James,Morris,1961-02-02,1,9,50,0,1,0,2,65,1
C1906,1,Michelle,Adams,1955-09-15,0,9,8,0,2,0,0,71,1
C1907,1,Kyle,Wright,1950-03-12,1,9,11,0,3,0,2,76,1
C1908,1,Andrea,Moore,1976-03-28,0,9,8,0,2,0,2,50,1
C1909,1,Heather,Pierce,1985-12-04,0,9,8,1,2,0,0,41,0
C1910,0,Telnox,Co,1985-10-04,1,9,8,0,2,1,0,41,0
C1911,1,Noah,Murray,1989-01-11,1,9,8,0,5,0,0,37,1
C1912,1,Amanda,Jackson,1954-07-26,0,9,48,1,1,0,2,72,0
C1913,1,Gary,King,1980-11-12,1,4,38,0,5,0,2,46,2
C1914,1,Brenda,Gray,1993-08-24,0,8,43,0,4,1,2,33,1
C1915,1,Angela,Williams,1964-06-09,0,9,1,1,4,0,1,62,0
C1916,1,Zachary,Weaver,1948-10-15,1,9,8,1,2,0,2,78,0
C1917,1,Angela,Montgomery,1971-09-16,0,0,26,0,2,0,1,55,2
C1918,1,Dorothy,Murray,1940-09-17,0,9,8,0,1,0,1,86,1
C1919,0,Vantage,Co,1968-01-19,0,9,25,1,1,0,2,58,0
C1920,1,Jonathan,Pierce,1969-10-26,1,5,30,0,5,0,0,57,2
C1921,1,Carolyn,Adams,1956-12-24,0,4,38,0,5,0,2,70,2
C1922,1,Jessica,Garcia,1988-01-09,0,9,8,0,1,0,0,38,1
C1923,1,Sarah,Cooper,1947-03-07,0,6,19,1,1,1,1,79,0
C1924,1,Joe,Cooper,1958-01-03,1,9,8,0,3,0,1,68,1
C1925,1,Jordan,Baker,1942-01-19,1,9,11,0,2,0,0,84,1
C1926,1,Joshua,Watson,1997-11-05,1,6,39,0,1,1,2,29,1
C1927,1,Victoria,Long,1952-11-05,0,9,8,1,1,1,2,74,0
C1928,1,Paul,Scott,1998-02-20,1,0,26,0,4,1,1,28,2
C1929,1,Angela,Baker,1941-10-24,0,6,19,0,1,1,0,85,1
C1930,1,Rachel,Adams,1966-01-22,0,9,11,1,3,0,0,60,0
C1931,1,Melissa,Jackson,1995-05-01,0,9,48,0,5,1,2,31,1
C1932,1,Dorothy,Allen,1962-05-13,0,9,8,1,2,0,2,64,0
C1933,0,Oasis,Co,1994-04-05,0,0,41,0,1,0,1,32,2
C1934,1,Noah,Montgomery,1978-03-25,1,4,18,1,4,1,1,48,2
C1935,1,Ashley,Young,1983-04-14,0,9,1,0,5,0,2,43,1
C1936,1,Jeffrey,Brown,1984-02-24,1,7,21,0,1,1,0,42,1
C1937,1,Ashley,Richardson,1961-03-16,0,9,1,0,3,1,2,65,1
C1938,1,Peter,Anderson,1973-07-28,1,2,40,0,4,1,2,53,2
C1939,1,Gloria,White,1979-06-09,0,9,14,1,1,1,0,47,0
C1940,1,Barbara,Turner,1997-02-01,0,2,22,0,4,0,0,29,2
C1941,1,Maria,James,1943-05-20,0,9,25,0,5,0,1,83,1
C1942,0,Stratos,Co,1984-11-10,0,9,25,0,2,1,0,42,0
C1943,1,Eric,Long,1973-01-04,1,9,1,0,1,0,2,53,1
C1944,1,Henry,Pierce,1986-02-15,1,9,8,1,1,0,2,40,0
C1945,1,Sean,Johnson,1967-02-26,1,6,23,1,3,0,2,59,0
C1946,1,Mark,Bell,1955-01-15,1,9,8,0,1,0,0,71,1
C1947,1,Walter,Mitchell,1979-02-02,1,9,25,0,3,0,2,47,1
C1948,1,Melissa,Harris,1955-04-01,0,9,1,0,2,0,0,71,1
C1949,1,Christina,James,1955-07-20,0,9,11,0,2,1,0,71,1
C1950,1,Edward,Weaver,1975-03-27,1,9,35,0,4,0,0,51,1
C1951,1,Alexander,Murray,1996-09-08,1,9,48,0,1,1,2,30,1
C1952,0,Optima,Co,1992-05-06,1,9,25,0,3,0,0,34,0
C1953,1,Donald,Miller,1972-10-16,1,5,3,0,1,1,2,54,2
C1954,1,Judy,Roberts,1966-09-03,0,0,54,1,3,0,2,60,2
C1955,1,Benjamin,Wright,1998-05-20,1,2,40,0,1,0,2,28,2
C1956,1,Julie,Weaver,1967-08-21,0,9,37,0,2,0,0,59,1
C1957,1,Adam,Howard,1962-09-24,1,9,8,0,4,1,2,64,1
C1958,1,Susan,Foster,1970-10-09,0,9,8,0,3,0,2,56,1
C1959,1,Judy,Morales,1942-02-20,0,9,47,0,1,0,2,84,1
C1960,1,Dorothy,Brown,1987-08-02,0,9,11,0,2,1,2,39,1
C1961,1,William,Campbell,1994-09-26,1,9,8,0,5,0,0,32,1
C1962,1,Kimberly,Harris,1995-08-01,0,6,39,0,5,0,0,31,1
C1963,0,Terova,Co,1968-03-01,1,9,47,0,5,0,2,58,0
C1964,1,Kevin,Martin,1972-06-17,1,9,50,0,5,0,0,54,1
C1965,1,Sean,Wright,1997-01-09,1,9,8,0,4,0,0,29,1
C1966,1,Ronald,Howard,1964-02-10,1,2,5,0,1,0,0,62,2
C1967,1,Roger,Bryant,1957-10-09,1,9,37,1,4,0,0,69,0
C1968,1,Judy,Griffin,1958-11-02,0,9,8,1,3,1,1,68,0
C1969,1,Jesse,James,1993-06-14,1,9,11,1,2,1,0,33,0
C1970,1,Raymond,Howard,1978-02-25,1,9,1,1,4,1,2,48,0
C1971,1,Emma,Jordan,1976-07-18,0,9,50,0,5,0,2,50,1
C1972,1,Carol,Wilson,1972-01-05,0,9,8,0,4,1,2,54,1
C1973,0,Oasis,Co,1993-09-13,1,9,53,0,4,1,0,33,0
C1974,1,Keith,Peterson,1950-04-09,1,9,25,0,5,1,0,76,1
C1975,1,Dorothy,Campbell,1975-08-05,0,1,52,0,4,0,0,51,2
C1976,1,Albert,Wilson,1995-05-03,1,9,14,0,5,0,1,31,1
C1977,1,Jason,Bennett,1994-04-07,1,9,50,0,1,0,2,32,1
C1978,0,Summit,Co,1967-02-06,0,9,8,1,5,1,2,59,0
C1979,1,Brian,Richardson,1942-05-25,1,9,11,0,3,1,0,84,1
C1980,1,Barbara,Green,1956-05-09,0,9,47,1,4,0,2,70,0
C1981,1,Sarah,Flores,1992-12-09,0,2,40,0,5,0,0,34,2
C1982,1,Jose,Long,1947-09-05,1,9,8,0,4,1,2,79,1
C1983,1,Ryan,Reed,1961-03-13,1,8,31,0,3,0,2,65,1
C1984,1,Jesse,Watson,1956-10-18,1,9,8,0,4,0,2,70,1
C1985,1,Gregory,Bell,1963-05-11,1,8,43,0,1,1,0,63,1
C1986,1,Thomas,Griffin,1977-04-23,1,9,27,1,1,0,2,49,0
C1987,1,Douglas,Davis,1986-10-18,1,1,52,1,5,0,2,40,2
C1988,1,Henry,Thompson,1994-09-19,1,9,8,0,5,1,2,32,1
C1989,1,William,Montgomery,1959-11-19,1,9,47,0,3,0,0,67,1
C1990,1,Scott,Howard,1976-11-28,1,9,47,1,5,0,0,50,0
C1991,1,Susan,Reed,1950-07-09,0,9,8,0,3,0,2,76,1
C1992,1,Rachel,Hansen,1943-01-19,0,9,47,0,3,1,2,83,1
C1993,1,Douglas,Thompson,1985-06-09,1,9,27,0,2,0,2,41,1
C1994,1,Nicole,Miller,1994-07-21,0,9,37,1,3,1,2,32,0
C1995,1,Michelle,Scott,1993-03-05,0,9,8,1,4,0,0,33,0
C1996,1,Samantha,Brooks,1992-06-20,0,9,25,0,1,1,2,34,1
C1997,1,Matthew,Cox,1942-09-27,1,9,1,0,4,1,2,84,1
C1998,1,Mark,Patterson,1963-09-13,1,9,50,0,5,1,2,63,1
C1999,1,Lawrence,Montgomery,1944-06-15,1,9,35,0,4,1,1,82,1
C2000,1,Amanda,James,1996-03-24,0,9,15,0,1,1,0,30,1
